,Recipe Type,Recipe Name,Rating,Comments,Difficulty,Timer,Ingredients,URL
0,entree,Les Timbales de Jeanne (saumon à la mousse de courgettes au micro-ondes),4.8/5,1688,très facile,18 min,"{'poivre': '', 'sel': '', 'aneth': '', ""huile d'olive"": '1', 'courgette': '2', 'saumon fumé': '4', 'oeuf': '3', 'crème fraîche épaisse': '10', 'ail': '1', 'menthe': ''}",https://www.marmiton.org/recettes/recette_les-timbales-de-jeanne-saumon-a-la-mousse-de-courgettes-au-micro-ondes_21864.aspx
1,entree,Cake salé au jambon et aux olives,4.8/5,1018,facile,1h05,"{'huile': '1', 'levure chimique': '1', 'gruyère râpé': '75', 'farine': '150', 'dés de jambon': '100', 'olives vertes': '150', 'oeuf': '4', 'lait': '10'}",https://www.marmiton.org/recettes/recette_cake-sale-au-jambon-et-aux-olives_18876.aspx
2,entree,Blinis faciles maison,4.8/5,779,très facile,25 min,"{'sel': '1', 'levure chimique': '0.5', 'yaourt': '1', 'oeuf': '1'}",https://www.marmiton.org/recettes/recette_blinis-faciles-maison_22261.aspx
3,entree,Velouté de champignons,4.8/5,663,très facile,50 min,"{'poivre': '', 'sel': '', 'persil': '1', 'crème fraîche': '2', 'farine': '2', 'oignon': '1', 'beurre': '3', 'champignons de Paris': '250', 'bouillon': '0.25', 'lait': '0.5', 'citron': '1'}",https://www.marmiton.org/recettes/recette_veloute-de-champignons_26749.aspx
4,entree,"Tarte thon, tomate et moutarde",4.8/5,629,très facile,55 min,"{'poivre': '2', 'sel': '1', 'crème fraîche': '20', 'moutarde': '3', 'tomate': '2', 'pâte feuilletée': '1', 'thon': '2', 'oeuf': '2', 'lait': '3'}",https://www.marmiton.org/recettes/recette_tarte-thon-tomate-et-moutarde_17226.aspx
5,entree,Tarte tatin aux endives et chavignol,4.8/5,500,facile,1h05,"{'sel': '', 'poivre': '', 'sucre': '1', 'beurre': '50', 'pâte feuilletée': '1', 'endive': '5', 'crottin de Chavignol': '2', 'herbes de Provence': '1'}",https://www.marmiton.org/recettes/recette_tarte-tatin-aux-endives-et-chavignol_23918.aspx
6,entree,Tarte aux poireaux et aux lardons,4.8/5,525,facile,50 min,"{'sel': '', 'poivre': '', 'crème fraîche': '25', 'fromage râpé': '100', 'lardons': '400', 'poireau': '3', 'beurre': '140', 'farine': '250', 'eau': '2', 'oeuf': '3'}",https://www.marmiton.org/recettes/recette_tarte-aux-poireaux-et-aux-lardons_12850.aspx
7,entree,Tarte thon et tomate,4.7/5,866,très facile,35 min,"{'fromage râpé': '50', 'sel': '', 'pâte brisée': '1', 'crème épaisse': '20', 'concentré de tomates': '1', 'thon': '150', 'herbes de Provence': '', 'oeuf': '1'}",https://www.marmiton.org/recettes/recette_tarte-thon-et-tomate_14139.aspx
8,entree,Quiche tatin,4.7/5,664,très facile,45 min,"{'poivre': '', 'sel': '', 'pâte feuilletée': '1', 'gruyère râpé': '150', 'crème fraîche': '20', 'pomme de terre': '7', 'lard': '8', 'oeuf': '3', 'fromage de chèvre': '1'}",https://www.marmiton.org/recettes/recette_quiche-tatin_14309.aspx
9,entree,Chèvre en feuilleté,4.7/5,719,très facile,35 min,"{'pâte feuilletée': '1', 'fromage de chèvre': '1', 'oeuf': '1', 'basilic': ''}",https://www.marmiton.org/recettes/recette_chevre-en-feuillete_11921.aspx
10,entree,Tatin de magret de canard au foie gras,4.8/5,431,facile,25 min,"{'beurre': '1', 'calvados': '1', 'pomme': '1', 'Magret de canard fumé': '4', 'pain de mie': '1', 'Foie gras': '1'}",https://www.marmiton.org/recettes/recette_tatin-de-magret-de-canard-au-foie-gras_17047.aspx
11,entree,Soupe veloutée de potimarron et pommes de terre,4.9/5,287,très facile,45 min,"{'poivre': '', 'sel': '', 'feuille de laurier': '1', 'cube de bouillon': '1', 'muscade': '1', 'curry': '1', 'crème fraîche': '10', 'oignon': '2', 'potimarron': '1', 'pomme de terre': '2', 'ail': '3'}",https://www.marmiton.org/recettes/recette_soupe-veloutee-de-potimarron-et-pommes-de-terre_41161.aspx
12,entree,Soufflé au fromage,4.7/5,468,facile,50 min,"{'muscade': '', 'farine': '60', 'beurre': '60', 'emmental': '150', 'oeuf': '4', 'lait': '40'}",https://www.marmiton.org/recettes/recette_souffle-au-fromage_69641.aspx
13,entree,Quiche au poireau et saumon fumé,4.8/5,318,facile,45 min,"{'muscade': '', 'sel': '', 'poivre': '', 'crème fraîche': '4', 'gruyère râpé': '50', 'poireau': '2', 'pâte brisée': '1', 'saumon fumé': '4', 'oeuf': '2', 'lait': '6'}",https://www.marmiton.org/recettes/recette_quiche-au-poireau-et-saumon-fume_16938.aspx
14,entree,Flan de courgettes,4.8/5,367,très facile,50 min,"{'gruyère râpé': '100', 'courgette': '1', 'lait': '8', 'oeuf': '6', 'basilic': '20'}",https://www.marmiton.org/recettes/recette_flan-de-courgettes_23249.aspx
15,entree,Quiche lorraine traditionnelle,4.8/5,324,très facile,35 min,"{'sel': '', 'poivre': '', 'muscade': '', 'lardons': '150', 'crème fraîche': '250', 'pâte brisée': '1', 'oeuf': '3'}",https://www.marmiton.org/recettes/recette_quiche-lorraine-de-sophie_57113.aspx
16,entree,Velouté de carottes au cumin,4.7/5,361,très facile,35 min,"{'sel': '', 'cumin': '0.5', 'curry': '0.5', 'beurre': '20', 'oignon': '1', 'carotte': '1', 'pomme de terre': '1', 'eau': '0.75', 'crème liquide': '20'}",https://www.marmiton.org/recettes/recette_veloute-de-carottes-au-cumin_16952.aspx
17,entree,Velouté de butternut à la cannelle,4.9/5,243,facile,35 min,"{'crème fraîche': '1', 'cube de bouillon': '1', 'oignon': '1', 'butternut': '1', 'cannelle': '1'}",https://www.marmiton.org/recettes/recette_veloute-de-butternut-a-la-canelle_220583.aspx
18,entree,Velouté de Potiron et Carottes,4.8/5,271,très facile,1 h,"{'muscade': '', 'sel': '', 'poivre': '', 'persil': '', ""huile d'olive"": '1', 'oignon': '1', 'carotte': '500', 'potiron': '1', 'pomme de terre': '2', 'ail': '1', 'lait': '0.5', 'bouillon de volaille': '0.5', 'crème liquide': '10'}",https://www.marmiton.org/recettes/recette_veloute-de-potiron-et-carottes_19009.aspx
19,entree,Verrine fraîcheur au carré frais,4.8/5,298,facile,20 min,"{'sel': '', 'poivre': '', 'aneth': '', 'maïs': '4', 'avocat': '1', 'surimi': '3', 'jus de citron': '1', 'carré frais': '2', 'crème fleurette': '2', 'saumon fumé': '2', 'oeufs de saumon': '', 'couteau': '1'}",https://www.marmiton.org/recettes/recette_verrine-fraicheur-au-carre-frais_764.aspx
20,entree,Soupe à la courgette et au curry,4.7/5,327,facile,1 h,"{'huile': '', 'sel': '', 'poivre': '', 'curry': '', 'oignon': '1', 'courgette': '1', 'pomme de terre': '300', 'ail': '1', 'bouillon de volaille': ''}",https://www.marmiton.org/recettes/recette_soupe-a-la-courgette-et-au-curry_16223.aspx
21,entree,"Roulade de saumon fumé aux asperges, sauce aux crevettes et au chèvre frais",4.7/5,337,très facile,30 min,"{'poivre': '', 'persil': '1', 'asperge': '220', 'saumon fumé': '4', 'fromage de chèvre': '200', 'crevettes': '100', 'crème liquide': '20'}",https://www.marmiton.org/recettes/recette_roulade-de-saumon-fume-aux-asperges-sauce-aux-crevettes-et-au-chevre-frais_15079.aspx
22,entree,Verrine avocat et saumon fumé,4.8/5,213,très facile,15 min,"{'avocat': '1', 'truite': '2', 'fromage frais': '100', 'citron': '0.5', 'fromage ail et fines herbes': '50', 'ciboulette': '', 'oeuf de truite': '1'}",https://www.marmiton.org/recettes/recette_verrine-avocat-truite-fumee_44183.aspx
23,entree,Velouté de potiron,4.9/5,165,très facile,1h15,"{'persil': '', 'huile': '', 'muscade': '', 'sel': '', 'poivre': '', 'oignon': '1', 'potiron': '1', 'brique': '1'}",https://www.marmiton.org/recettes/recette_veloute-de-potiron_18663.aspx
24,entree,Velouté de chou- fleur,4.7/5,249,très facile,35 min,"{'crème fraîche': '2', 'beurre': '50', 'sel': '', 'poivre': '', 'origan': '', 'chou-fleur': '1', 'pomme de terre': '2', 'eau': '750', 'bouillon de volaille': '1'}",https://www.marmiton.org/recettes/recette_veloute-de-chou-fleur_28185.aspx
25,entree,Potage velouté poireaux pommes de terre,4.7/5,286,très facile,40 min,"{'beurre': '50', 'sel': '', 'poivre': '', 'crème fraîche': '', 'poireau': '2', 'pomme de terre': '2', 'lait': '0.5', 'eau': '0.5', 'basilic': ''}",https://www.marmiton.org/recettes/recette_potage-veloute-poireaux-pommes-de-terre_18971.aspx
26,entree,Soupe veloutée à la carotte,4.8/5,205,très facile,1h45,"{'persil': '0.5', 'cumin en poudre': '1', ""huile d'olive"": '3', 'poireau': '1', 'oignon': '1', 'carotte': '6', 'ail': '1', 'crème liquide': '20', 'eau': '1.5', 'bouillon de volaille': '1'}",https://www.marmiton.org/recettes/recette_soupe-veloutee-a-la-carotte_33446.aspx
27,entree,Quiche provençale,4.7/5,236,facile,1h15,"{'sel': '', 'poivre': '', 'tomate': '3', 'poivron': '1', 'oignon': '2', 'crème fraîche': '1', 'pâte feuilletée': '1', 'oeuf': '3', 'gruyère': '100', 'thon': '1', 'olives vertes': '10', 'herbes de Provence': ''}",https://www.marmiton.org/recettes/recette_quiche-provencale_13393.aspx
28,entree,La salade piémontaise de Jean-Pierre,4.9/5,174,très facile,1h15,"{'jambon': '1', 'tomate': '2', 'oeuf': '2', 'pomme de terre': '4', 'cornichons': '8', 'moutarde': '', 'sel': '', 'poivre': '', 'vinaigre': '', 'huile': '', 'mayonnaise': '1'}",https://www.marmiton.org/recettes/recette_la-salade-piemontaise-de-jean-pierre_25605.aspx
29,entree,"Tarte légère courgettes, jambon et chèvre gratiné",4.7/5,283,très facile,1h25,"{'pâte brisée': '1', 'gruyère râpé': '30', 'jambon': '4', 'sel': '', 'poivre': '', 'courgette': '1', 'chèvre': '100', 'oeuf': '4', 'crème liquide': '20'}",https://www.marmiton.org/recettes/recette_tarte-legere-courgettes-jambon-et-chevre-gratine_23612.aspx
30,entree,Cake au thon rapide,4.6/5,399,très facile,55 min,"{'sel': '', 'poivre': '1', 'huile': '10', 'gruyère râpé': '100', 'levure chimique': '1', 'farine': '150', 'oeuf': '3', 'thon': '1', 'lait': '10'}",https://www.marmiton.org/recettes/recette_cake-au-thon-rapide_16045.aspx
31,entree,Terrine de canard noisettes et pistaches de Brigitte,4.8/5,170,facile,1h30,"{'feuille de laurier': '3', 'orange': '1', 'liqueur': '1', 'poivre vert': '2', 'poivre': '2', 'sel': '2', ""huile d'olive"": '3', 'persil': '1', 'farine': '1', 'Magret de Canard': '2', 'chair à saucisse': '500', 'oeuf': '1', 'échalote': '3', 'ail': '2', 'herbes de Provence': '1', 'noisettes': '40', 'pistaches': '1'}",https://www.marmiton.org/recettes/recette_terrine-de-canard-noisettes-et-pistaches-de-brigitte_33172.aspx
32,entree,Croque monsieur d'aubergines,4.8/5,157,très facile,45 min,"{'moutarde': '1', 'tomate': '2', 'aubergine': '1', 'crème liquide': '10', 'gruyère': '50', 'herbes de Provence': ''}",https://www.marmiton.org/recettes/recette_croque-monsieur-d-aubergines_32571.aspx
33,entree,Verrines bicolores kiwi-saumon,4.8/5,179,très facile,15 min,"{'kiwi': '4', 'saumon fumé': '6', 'crème fraîche liquide': '5', 'mayonnaise': '10', 'ciboulette': ''}",https://www.marmiton.org/recettes/recette_verrines-bicolores-kiwi-saumon_166172.aspx
34,entree,Pâte pour cake salé,4.8/5,163,très facile,50 min,"{'levure chimique': '1', ""huile d'olive"": '5', 'farine': '200', 'oeuf': '3', 'lait': '10'}",https://www.marmiton.org/recettes/recette_pate-pour-cake-sale_56106.aspx
35,entree,Velouté de courgettes,4.9/5,150,très facile,25 min,"{'courgette': '1', 'Vache qui rit®': '2', 'bouillon': '1'}",https://www.marmiton.org/recettes/recette_veloute-de-courgettes_21369.aspx
36,entree,Soupe de champignons,4.7/5,207,facile,40 min,"{'kub or': '1', 'persil': '', 'muscade': '', 'sel': '', 'poivre': '', 'oignon': '1', 'champignons de Paris': '1', 'pomme de terre': '4', 'ail': '4', 'crème liquide': ''}",https://www.marmiton.org/recettes/recette_soupe-de-champignons_24874.aspx
37,entree,"Salade melon, feta, jambon",4.8/5,159,très facile,15 min,"{'sel': '', 'poivre': '', 'thym': '1', ""huile d'olive"": '4', 'melon': '1', 'salade': '1', 'feta': '200', 'jambon cru': '4', 'jus de citron': '4', 'eau': '2'}",https://www.marmiton.org/recettes/recette_salade-melon-feta-jambon_17933.aspx
38,entree,Quiche à l'oignon et aux lardons fumés,4.8/5,152,très facile,45 min,"{'lardons fumés': '75', 'poivre': '', 'sel': '', 'crème fraîche': '20', 'oignon': '1', 'pâte brisée': '1', 'oeuf': '2'}",https://www.marmiton.org/recettes/recette_tarte-a-l-oignon_28444.aspx
39,entree,Soupe de légumes poêlés,4.8/5,189,très facile,1h15,"{'cube de bouillon': '1', 'poireau': '1', 'tomate': '1', 'oignon': '1', 'carotte': '3', 'pomme de terre': '3'}",https://www.marmiton.org/recettes/recette_soupe-de-legumes-poeles_30894.aspx
40,entree,Brick au thon et au poireau,4.6/5,297,facile,40 min,"{'sel': '', 'poivre': '', 'crème fraîche': '2', 'curry': '1', 'poireau': '2', 'brick': '6', 'thon': '250', 'oeuf': '1'}",https://www.marmiton.org/recettes/recette_brick-au-thon-et-au-poireau_29421.aspx
41,entree,Petite soupe de carottes au lait de coco,4.7/5,263,très facile,45 min,"{'oignon': '1', 'carotte': '600', 'eau': '1', 'lait de coco': '20'}",https://www.marmiton.org/recettes/recette_petite-soupe-de-carottes-au-lait-de-coco_26236.aspx
42,entree,Tarte à l'oignon rapide,4.8/5,159,très facile,45 min,"{'crème fraîche': '20', 'sel': '', 'poivre': '', 'oignon': '5', 'pâte brisée': '1', 'oeuf': '2'}",https://www.marmiton.org/recettes/recette_tarte-a-l-oignon-rapide_26201.aspx
43,entree,Quiche au thon,4.7/5,208,très facile,30 min,"{'sel': '', 'poivre': '', 'moutarde': '', 'crème fraîche': '0.5', 'tomate': '2', 'pâte feuilletée': '1', 'thon': '1', 'gruyère': '', 'oeuf': '4'}",https://www.marmiton.org/recettes/recette_quiche-au-thon_18677.aspx
44,entree,Velouté de brocolis,4.8/5,156,très facile,45 min,"{'sel': '', 'poivre': '', 'oignon': '2', 'brocoli': '1', 'bouillon de volaille': '1.5', 'bouquet garni': '1', 'crème': '2.5'}",https://www.marmiton.org/recettes/recette_veloute-de-brocolis_27391.aspx
45,entree,Salade de courgettes à la feta,4.8/5,156,très facile,32 min,"{'sel': '', 'poivre': '', 'tomate': '4', 'oignon': '2', 'courgette': '2', 'feta': '200', 'olives noires': '', 'basilic': ''}",https://www.marmiton.org/recettes/recette_salade-de-courgettes-a-la-feta_18274.aspx
46,entree,Samoussa rapide au boeuf,4.8/5,166,facile,30 min,"{'huile de friture': '', ""huile d'olive"": '', 'gingembre': '1', 'curry': '2', 'oignon': '1', 'carotte': '1', 'brick': '5', 'boeuf haché': '250', 'ail': '1', 'sauce soja': '5', ""jaune d'oeuf"": '1'}",https://www.marmiton.org/recettes/recette_samoussa-au-boeuf-rapides_171841.aspx
47,entree,Délicieuse salade de lentilles,4.9/5,120,très facile,40 min,"{'tomate': '2', 'lardons': '1', 'lentilles': '120', 'feta': '', 'curry': '1', 'sel': '', 'poivre': '', 'miel': '1', 'huile de tournesol': '3', 'vinaigre balsamique': '3', 'huile de noisette': '1', 'échalote': '1'}",https://www.marmiton.org/recettes/recette_delicieuse-salade-de-lentilles_168181.aspx
48,entree,"Quiche tomate, jambon, chèvre",4.7/5,201,très facile,50 min,"{'gruyère râpé': '', 'persil': '', 'sel': '', 'poivre': '', 'tomate': '2', 'jambon': '100', 'pâte brisée': '1', 'fromage de chèvre': '', 'oeuf': '2', 'crème liquide': '10'}",https://www.marmiton.org/recettes/recette_quiche-tomate-jambon-chevre_32961.aspx
49,entree,Velouté aux poivrons et au boursin,4.9/5,133,très facile,50 min,"{'cube de bouillon': '2', 'oignon': '2', 'poivron rouge': '3', 'pomme de terre': '2', 'fromage ail et fines herbes': '1'}",https://www.marmiton.org/recettes/recette_veloute-aux-poivrons-et-au-boursin_14601.aspx
50,entree,"Quiche thon, tomates et mozzarella",4.7/5,227,facile,1h10,"{'sel': '', 'poivre': '', 'persil': '', 'farine': '1', 'tomate': '4', 'moutarde': '4', 'pâte brisée': '1', 'thon': '1', 'mozzarella': '200', 'oeuf': '2', 'crème': '15', 'basilic': ''}",https://www.marmiton.org/recettes/recette_quiche-thon-tomates-et-mozzarella_37146.aspx
51,entree,Soupe chinoise au poulet,4.7/5,204,facile,1h05,"{'sel': '', 'poivre': '', 'champignon noir': '3', 'vinaigre': '0.5', 'gingembre': '0.5', 'piment': '0.5', 'farine': '1', 'carotte': '1', 'oignon': '1', 'huile': '1', 'blanc de poulet': '2', 'ail': '1', 'germes de soja': '100', 'bouillon de volaille': '60', 'sauce soja': '1', 'nouilles chinoises': '125'}",https://www.marmiton.org/recettes/recette_soupe-chinoise-au-poulet_31812.aspx
52,entree,Soupe de cresson,4.8/5,164,très facile,55 min,"{'beurre': '1', 'thym': '1', 'cresson': '1', 'pomme de terre': '3', 'échalote': '1', 'bouillon': '1', 'eau': '1'}",https://www.marmiton.org/recettes/recette_soupe-de-cresson_19991.aspx
53,entree,Terrine de courgettes au saumon,4.7/5,177,très facile,1h05,"{'sel': '', 'poivre': '', 'curry': '1', 'beurre': '1', 'courgette': '4', 'oeuf': '4', 'crème liquide': '25', 'farine de maïs': '2', 'saumon fumé': '4', 'basilic': '4'}",https://www.marmiton.org/recettes/recette_terrine-de-courgettes-au-saumon_18836.aspx
54,entree,Les nems de ma grand mère (recette originale),4.7/5,175,moyenne,1h45,"{'poivre': '', 'vermicelles de riz': '1', 'carotte': '1', 'porc': '250', 'oignon blanc': '1', 'champignon': '6', 'germes de soja': '1', 'oeuf': '3', 'ail': '2', 'nuoc mam': '4', 'feuille de riz': ''}",https://www.marmiton.org/recettes/recette_les-nems-de-ma-grand-mere-recette-originale_38800.aspx
55,entree,Cake salé 3 couleurs,4.8/5,137,très facile,1h05,"{'poivron vert': '1', ""tomate séchée à l'huile d'olive"": '6', 'levure': '1', 'gruyère râpé': '100', ""huile d'olive"": '5', 'farine': '150', 'oeuf': '3', 'lait': '12.5', 'feta': '200'}",https://www.marmiton.org/recettes/recette_cake-sale-3-couleurs_32437.aspx
56,entree,Cake au thon et aux olives,4.6/5,271,très facile,1 h,"{'farine': '100', 'beurre': '', 'huile': '10', 'levure': '1', 'emmental': '100', 'thon': '300', 'olives vertes': '100', 'oeuf': '3', 'lait': '10'}",https://www.marmiton.org/recettes/recette_cake-au-thon-et-aux-olives_17384.aspx
57,entree,Soupe aux fanes de radis,4.7/5,180,très facile,50 min,"{'sel': '', 'poivre': '', 'beurre': '30', 'oignon': '1', 'radis': '1', 'pomme de terre': '4', 'bouillon de volaille': '2', 'crème': '4'}",https://www.marmiton.org/recettes/recette_soupe-aux-fanes-de-radis_16365.aspx
58,entree,Verrines colorées,4.8/5,144,très facile,15 min,"{'tomate': '3', 'croûtons': '1', 'concombre': '1', 'basilic': '', 'poivre': '', 'sel': '', 'vinaigre': '', 'moutarde': '', 'crème fraîche': '', 'échalote': '', 'herbes': ''}",https://www.marmiton.org/recettes/recette_verrines-colorees_43693.aspx
59,entree,Bricks au chèvre frais et à la tapenade,4.6/5,308,facile,15 min,"{'tomate': '2', 'chèvre frais': '12', 'brick': '12', 'tapenade verte': '50', 'paprika': '', 'ciboulette': '', 'ail': ''}",https://www.marmiton.org/recettes/recette_bricks-au-chevre-frais-et-a-la-tapenade_11567.aspx
60,entree,Pain de courgettes,4.6/5,286,très facile,1h10,"{'crème fraîche': '1', 'sel': '', 'poivre': '', 'courgette': '3', 'ail': '2', 'basilic': '', 'oeuf': '4', 'biscotte': '3'}",https://www.marmiton.org/recettes/recette_pain-de-courgettes_15371.aspx
61,entree,Feuilletés au chèvre et aux pommes,4.7/5,209,très facile,20 min,"{'pâte feuilletée': '1', 'fromage de chèvre': '1', 'oeuf': '1', 'pomme': '1', 'ciboulette': ''}",https://www.marmiton.org/recettes/recette_feuilletes-au-chevre-et-aux-pommes_28846.aspx
62,entree,Croquettes de carottes,4.7/5,170,très facile,13 min,"{'curry': '1', 'persil': '1', 'farine': '3', 'poivron': '0.5', 'carotte': '10', 'oeuf': '3', 'ail': '1'}",https://www.marmiton.org/recettes/recette_croquettes-de-carottes_40834.aspx
63,entree,Blinis,4.6/5,248,très facile,20 min,"{'beurre': '', 'sel': '', 'levure de boulanger': '10', 'farine': '150', 'oeuf': '2', 'lait': '20'}",https://www.marmiton.org/recettes/recette_blinis_23421.aspx
64,entree,Poêlée d'asperges vertes et coppa,4.8/5,141,très facile,20 min,"{'vinaigre balsamique': '', ""huile d'olive"": '', 'asperge': '1', 'coppa': '80', 'Parmesan': '1'}",https://www.marmiton.org/recettes/recette_poelee-d-asperges-vertes-et-coppa_21435.aspx
65,entree,"Tarte aux aubergines, tomates et parmesan",4.6/5,302,très facile,40 min,"{""huile d'olive"": '', 'beurre': '75', 'farine': '150', 'fond': '1', 'tomate': '3', 'aubergine': '300', 'mozzarella': '1', 'parmesan râpé': ''}",https://www.marmiton.org/recettes/recette_tarte-aux-aubergines-tomates-et-parmesan_18348.aspx
66,entree,Le vrai taboulé libanais,4.7/5,179,facile,25 min,"{'sel': '2', ""huile d'olive"": '3', 'persil': '2', 'oignon': '1', 'tomate': '4', 'menthe': '1', 'boulgour': '1', 'citron': '1'}",https://www.marmiton.org/recettes/recette_le-vrai-taboule-libanais_26796.aspx
67,entree,Marbré Warhol,4.6/5,196,très facile,15 min,"{""huile d'olive"": '', 'poivre': '', 'sel': '', 'fromage de chèvre': '2', 'betterave': '300', 'basilic': ''}",https://www.marmiton.org/recettes/recette_marbre-warhol_19197.aspx
68,entree,Velouté de potiron aux châtaignes,4.7/5,137,très facile,40 min,"{'beurre': '', 'oignon': '5', 'lardons': '200', 'potiron': '800', 'châtaignes': ''}",https://www.marmiton.org/recettes/recette_veloute-de-potiron-aux-chataignes_12002.aspx
69,entree,Langoustines au curry et pâte feuilletée,4.9/5,87,facile,35 min,"{'crème fraîche': '30', 'piment': '1', 'oignon': '1', 'curry': '2', 'coriandre': '1', 'langoustine': '800', 'ail': '2'}",https://www.marmiton.org/recettes/recette_langoustines-au-curry-et-pate-feuilletee_30177.aspx
70,entree,Gaspacho express ( Espagne ),4.7/5,158,très facile,15 min,"{'sel': '', 'poivre': '', 'sucre': '0.5', 'tabasco': '', 'vinaigre balsamique': '0.5', ""huile d'olive"": '2', 'poivron vert': '0.5', 'tomate': '1', 'concombre': '0.5', 'échalote': '1', 'ail': '1', 'eau': '15'}",https://www.marmiton.org/recettes/recette_gaspacho-express-espagne_10989.aspx
71,entree,"Tarte de potimarron, lardons et oignons caramélisés",4.7/5,144,facile,1 h,"{'sel': '', 'poivre': '', 'lardons fumés': '', 'pâte feuilletée': '1', 'oignon': '1', 'potimarron': '600', 'crème semi-épaisse': '25', 'oeuf': '2'}",https://www.marmiton.org/recettes/recette_tarte-de-potimarron-lardons-et-oignons-caramelises_95054.aspx
72,entree,Tartare de crevettes mangue avocats,4.9/5,84,moyenne,40 min,"{'fleur de sel': '', 'tabasco': '6', 'aneth': '4', 'poivre': '1', ""huile d'olive"": '2', 'crevette rose': '200', 'avocat': '2', 'mangue': '1', 'citron vert': '1', 'oignon nouveau': '1'}",https://www.marmiton.org/recettes/recette_tartare-de-crevettes-mangue-et-avocats_195003.aspx
73,entree,Tarte au chèvre et aux poireaux,4.6/5,183,très facile,35 min,"{'sel': '', 'beurre': '150', 'farine': '300', 'épices': '2', 'poivre': '', 'emmental': '', 'bûche de chèvre': '1', 'poireau': '2', 'crème fraîche épaisse': '40', 'oeuf': '4', 'lait': '1'}",https://www.marmiton.org/recettes/recette_tarte-au-chevre-et-aux-poireaux_18100.aspx
74,entree,Nems (frits),4.7/5,156,moyenne,1 h,"{'poivre': '2', 'sucre': '1', 'vermicelles': '50', 'sel': '1', 'champignon noir': '50', 'carotte': '1', 'germes de soja': '200', 'crevettes': '200', 'porc': '500', 'nuoc mam': '3', ""blanc d'oeuf"": '1', 'échalote': '4', 'ail': '3', 'feuille de riz': ''}",https://www.marmiton.org/recettes/recette_nems-frits_14049.aspx
75,entree,Magret de canard séché de Marielle (19ème rencontre Marmiton),4.8/5,106,très facile,10 min,"{'poivre': '', 'thym': '', 'gros sel': '1', 'Magret de Canard': '1'}",https://www.marmiton.org/recettes/recette_magret-de-canard-seche-de-marielle-19eme-rencontre-marmiton_37603.aspx
76,entree,Cake méridional au chorizo,4.8/5,102,très facile,1 h,"{'sel': '', 'poivre': '', 'poivron rouge': '1', 'huile': '10', 'levure': '1', 'farine': '150', 'gruyère râpé': '100', 'oeuf': '3', 'lait': '12.5', 'chorizo': '15', 'mozzarella': '1'}",https://www.marmiton.org/recettes/recette_cake-meridional-au-chorizo_38113.aspx
77,entree,Soupe de courge,4.6/5,217,très facile,45 min,"{""huile d'olive"": '', 'sel': '', 'poivre': '', 'curry': '1', 'gingembre': '3', 'oignon': '2', 'courge': '1', 'ail': '1', 'pomme': '2'}",https://www.marmiton.org/recettes/recette_soupe-de-courge_12843.aspx
78,entree,"Tourte Poireaux, Jambon et Chèvre",4.7/5,123,très facile,40 min,"{'chèvre frais': '2', 'poireau': '3', 'pâte feuilletée': '1', 'dés de jambon': '100', 'crème liquide': '25', ""jaune d'oeuf"": '2'}",https://www.marmiton.org/recettes/recette_tourte-poireaux-jambon-et-chevre_24497.aspx
79,entree,Tarte au saumon fumé,4.7/5,148,très facile,40 min,"{'aneth': '', 'sel': '', 'poivre': '', 'crème fraîche': '20', 'tomate': '4', 'pâte brisée': '400', 'saumon fumé': '4', 'oeuf': '2'}",https://www.marmiton.org/recettes/recette_tarte-au-saumon-fume_19086.aspx
80,entree,Rillette aux deux saumons,4.8/5,95,facile,1h20,"{'sel': '', 'poivre': '', ""huile d'olive"": '2', 'saumon frais': '750', 'saumon fumé': '150', ""jaune d'oeuf"": '2', 'citron': '0.5', 'yaourt nature': '1', 'beurre salé': '100', 'ciboulette': '0.5'}",https://www.marmiton.org/recettes/recette_rillette-aux-deux-saumons_11739.aspx
81,entree,Tarte saumon brocolis,4.7/5,136,très facile,40 min,"{'sel': '', 'poivre': '', 'aneth': '', 'crème fraîche': '', 'pâte feuilletée': '1', 'saumon fumé': '', 'brocoli': '', 'oeuf': '3'}",https://www.marmiton.org/recettes/recette_tarte-saumon-brocolis_21443.aspx
82,entree,Salade au chou blanc et aux pommes,4.9/5,79,très facile,18 min,"{'sel': '', 'poivre': '', 'curry': '1', 'crème fraîche': '10', 'tabasco': '4', 'vinaigre': '1', 'lard fumé': '150', 'carotte': '2', 'pomme': '2', 'chou blanc': '0.25', 'mayonnaise': '1', 'oeuf': '2'}",https://www.marmiton.org/recettes/recette_salade-au-chou-blanc-et-aux-pommes_20328.aspx
83,entree,Gâteau de crêpes de la mer,4.9/5,82,très facile,30 min,"{'tomate': '0.6666667', 'crêpe': '8', 'avocat': '1', 'crabe': '5', 'oeuf': '4', 'salade': '', 'thon': '1', 'saumon fumé': '4', 'mayonnaise': '1'}",https://www.marmiton.org/recettes/recette_gateau-de-crepes-de-la-mer_16038.aspx
84,entree,Rillettes de thon au basilic,4.6/5,215,très facile,15 min,"{'sel': '', 'poivre': '', 'moutarde': '1', 'crème fraîche': '2', 'thon': '300', 'basilic': '1', 'citron': '0.5', 'petit suisse': '2', 'paprika': ''}",https://www.marmiton.org/recettes/recette_rillettes-de-thon-au-basilic_17256.aspx
85,entree,Palmiers à la tapenade,4.7/5,133,très facile,30 min,"{'pâte feuilletée': '1', 'olives noires': '1'}",https://www.marmiton.org/recettes/recette_palmiers-a-la-tapenade_28666.aspx
86,entree,Salade de kiwis et tomates de Lili,4.6/5,198,très facile,5 min,"{'huile': '', 'sel': '', 'poivre': '', 'tomate': '2', 'kiwi': '2', 'citron': ''}",https://www.marmiton.org/recettes/recette_salade-de-kiwis-et-tomates-de-lili_28806.aspx
87,entree,Quiche courgettes et saumon fumé,4.8/5,101,très facile,1h15,"{'crème fraîche': '20', 'courgette': '3', 'pâte brisée': '1', 'saumon fumé': '2', 'oeuf': '3'}",https://www.marmiton.org/recettes/recette_quiche-courgettes-et-saumon-fume_23320.aspx
88,entree,Croissant au jambon fromage,4.8/5,89,facile,35 min,"{'muscade': '', 'poivre': '', 'sel': '', 'gruyère râpé': '100', 'beurre': '20', 'farine': '20', 'jambon': '4', 'croissant': '4', 'lait': '20'}",https://www.marmiton.org/recettes/recette_croissant-au-jambon-fromage_71950.aspx
89,entree,Flan aux carottes,4.8/5,102,très facile,55 min,"{'sel': '', 'poivre': '', 'persil': '', 'fromage râpé': '1', 'beurre': '60', 'carotte': '600', 'oeuf': '2', 'crème': '1', 'ciboulette': '', 'basilic': ''}",https://www.marmiton.org/recettes/recette_flan-aux-carottes_55337.aspx
90,entree,Tartare de saumon et sa salade de lentilles (17ème rencontre),4.9/5,82,très facile,1 h,"{'aneth': '1', 'poivre blanc': '', 'sel': '', 'moutarde': '1', 'vinaigre de xérès': '2', 'thym': '', 'clou de girofle': '1', 'oignon': '1', 'piment': '', ""huile d'olive"": '15', 'orange': '1', 'lentilles vertes': '300', 'saumon frais': '400', 'saumon fumé': '100', 'échalote': '2', 'cornichons': '5', 'câpres': '2', 'citron': '1', 'laurier': '', 'huile de noix': '4'}",https://www.marmiton.org/recettes/recette_tartare-de-saumon-et-sa-salade-de-lentilles-17eme-rencontre_35247.aspx
91,entree,Aumonières de saumon,4.7/5,129,très facile,45 min,"{'beurre': '', 'sel': '', 'crème fraîche': '1', 'brick': '4', 'saumon frais': '4', 'saumon fumé': '4', 'oseille': '1'}",https://www.marmiton.org/recettes/recette_aumonieres-de-saumon_18572.aspx
92,entree,Velouté froid de betteraves,4.7/5,137,très facile,35 min,"{'persil': '', 'sel': '', 'poivre': '', 'yaourt': '2', ""huile d'olive"": '1', 'betterave': '2', 'ail': '1', 'concombre': ''}",https://www.marmiton.org/recettes/recette_veloute-froid-de-betteraves_17805.aspx
93,entree,Tarte salée au chèvre et aux pruneaux,4.6/5,179,très facile,40 min,"{'thym': '', 'sel': '', 'poivre': '', 'pruneau': '250', 'lardons': '150', 'pâte feuilletée': '1', 'chèvre': '1', 'oeuf': '3', 'crème': '3', 'lait': '10'}",https://www.marmiton.org/recettes/recette_tarte-salee-au-chevre-et-aux-pruneaux_22973.aspx
94,entree,Soupe haricots blancs chorizo,4.8/5,102,très facile,40 min,"{'persil': '', 'oignon': '1', 'ail': '2', 'haricot': '1', 'chorizo': '75', 'bouillon de volaille': '1', 'citron': ''}",https://www.marmiton.org/recettes/recette_soupe-haricots-blancs-chorizo_33075.aspx
95,entree,Crevettes poêlées à la coriandre et épices,4.9/5,76,très facile,25 min,"{'sel': '', 'coriandre': '', ""huile d'olive"": '1', 'crevette rose': '300', 'citron vert': '1', 'ail': '1', 'poivre de Cayenne': '', 'mélange 5 baies': ''}",https://www.marmiton.org/recettes/recette_crevettes-poelees-a-la-coriandre-et-epices_31153.aspx
96,entree,croque-monsieur à la sauce béchamel,4.8/5,84,très facile,40 min,"{'jambon': '2', 'beurre': '', 'fromage râpé': '', 'pain de mie': '8', 'béchamel': ''}",https://www.marmiton.org/recettes/recette_croque-monsieur-a-la-sauce-bechamel_20410.aspx
97,entree,Flamiche aux poireaux,4.7/5,116,très facile,45 min,"{'gruyère râpé': '75', 'farine': '4', 'poireau': '500', 'lardons fumés': '200', 'lait': '25', 'oeuf': '3'}",https://www.marmiton.org/recettes/recette_flamiche-aux-poireaux_14246.aspx
98,entree,Tarte au thon et moutarde,4.7/5,129,très facile,1h15,"{'pâte feuilletée': '1', 'moutarde de Dijon': '3', 'tomate': '3', 'gruyère râpé': '150', 'thon': '2', 'crème fraîche épaisse': '1'}",https://www.marmiton.org/recettes/recette_tarte-au-thon-et-moutarde_12975.aspx
99,entree,Magret de canard séché,4.8/5,93,facile,10 min,"{""piment d'Espelette"": '1', 'poivre': '1', 'gros sel': '3', 'Magret de Canard': '1'}",https://www.marmiton.org/recettes/recette_magret-de-canard-seche_10962.aspx
100,plat,Blanquette de veau : recette traditionnelle,4.9/5,2920,très facile,2h15,"{'poivre': '', 'sel': '', 'farine': '', 'crème fraîche': '1', 'oignon jaune': '1', 'carotte': '2', 'cube de bouillon': '1', 'blanquette de veau': '1', 'bouillon de poule': '1', 'champignon': '1', 'citron': '', ""jaune d'oeuf"": '1', 'vin blanc': '25'}",https://www.marmiton.org/recettes/recette_blanquette-de-veau-facile_19219.aspx
101,plat,Lasagnes à la bolognaise,4.9/5,1477,moyenne,2h05,"{'beurre': '125', 'farine': '100', 'poivre': '', 'sel': '', 'fromage râpé': '70', 'muscade': '3', 'thym': '', 'feuille de laurier': '2', 'vin rouge': '20', 'purée de tomate': '800', 'carotte': '1', 'oignon jaune': '3', 'lasagnes': '1', 'ail': '2', 'céleri': '1', 'boeuf haché': '600', 'eau': '15', 'basilic': '', 'Parmesan': '125', 'lait': '1'}",https://www.marmiton.org/recettes/recette_lasagnes-a-la-bolognaise_18215.aspx
102,plat,La Vraie Moussaka Grecque,4.9/5,988,moyenne,2h55,"{'sel': '', 'poivre': '', 'muscade': '', 'miel': '1', 'beurre': '20', ""huile d'olive"": '', 'oignon': '1', 'tomate': '5', 'aubergine': '2', 'pomme de terre': '6', 'boeuf haché': '500', 'cannelle': '1', 'farine': '3', 'lait': '35'}",https://www.marmiton.org/recettes/recette_la-vraie-moussaka-grecque_72593.aspx
103,plat,Filet mignon en croûte,4.8/5,1533,très facile,1 h,"{'oignon jaune': '2', 'gruyère râpé': '200', 'jambon blanc': '4', 'pâte feuilletée': '2', 'filet mignon': '2', ""jaune d'oeuf"": '2'}",https://www.marmiton.org/recettes/recette_filet-mignon-en-croute_14407.aspx
104,plat,Sauté de veau au chorizo,4.8/5,1027,très facile,1h20,"{'huile': '2', 'oignon': '4', 'sauté de veau': '1', 'pulpe de tomate': '2', 'chorizo': '1', 'olives vertes': '1', 'basilic': '1', 'bouquet garni': '1', 'ail': '1'}",https://www.marmiton.org/recettes/recette_saute-de-veau-au-chorizo_17027.aspx
105,plat,Quiche sans pâte,4.9/5,573,très facile,40 min,"{'sel': '', 'poivre': '', 'gruyère râpé': '100', 'farine': '2', 'crème fraîche': '10', 'oeuf': '3', 'lait': '0.25', 'dés de jambon': '150'}",https://www.marmiton.org/recettes/recette_quiche-sans-pate_12744.aspx
106,plat,Boeuf Bourguignon rapide,4.8/5,939,très facile,1h10,"{'poivre': '', 'sel': '', 'farine': '2', 'oignon': '2', 'vin rouge': '0.6666667', 'beurre': '50', 'lardons': '100', 'boeuf': '800', 'ail': '1', 'bouquet garni': '1', 'champignons de Paris': '250'}",https://www.marmiton.org/recettes/recette_boeuf-bourguignon-rapide_19218.aspx
107,plat,Gratin Dauphinois,4.8/5,947,facile,1h25,"{'poivre': '', 'sel': '', 'muscade': '', 'beurre': '100', 'pomme de terre': '1.5', 'ail': '2', 'crème': '30', 'lait': '1'}",https://www.marmiton.org/recettes/recette_gratin-dauphinois_13809.aspx
108,plat,Hachis Parmentier,4.8/5,1009,facile,45 min,"{'poivre': '', 'sel': '', 'fromage râpé': '50', 'beurre': '30', 'farine': '1', 'tomate': '2', 'oignon': '2', 'purée': '300', 'viande hachée': '400', 'ail': '2', 'herbes de Provence': '1', ""jaune d'oeuf"": '1', 'Parmesan': '30'}",https://www.marmiton.org/recettes/recette_hachis-parmentier_17639.aspx
109,plat,Pâte brisée vite faite,4.7/5,1008,très facile,45 min,"{'sucre': '3', 'sel': '0.5', 'beurre': '150', 'farine': '300', 'eau': '8'}",https://www.marmiton.org/recettes/recette_pate-brisee-vite-faite_31639.aspx
110,plat,Quiche lorraine maison,4.7/5,1158,très facile,55 min,"{'poivre': '', 'sel': '', 'muscade': '', 'crème fraîche': '20', 'beurre': '30', 'lardons': '200', 'pâte brisée': '200', 'oeuf': '3', 'lait': '20'}",https://www.marmiton.org/recettes/recette_quiche-lorraine_30283.aspx
111,plat,Chili con carne facile,4.8/5,667,très facile,35 min,"{'persil': '', 'poivre': '', 'sel': '', 'bouillon de boeuf': '30', 'haricots rouges': '1', 'cumin en poudre': '2', 'chili': '1', 'oignon': '2', 'beurre': '50', 'ail': '2', 'boeuf haché': '500', 'concentré de tomates': '65'}",https://www.marmiton.org/recettes/recette_chili-con-carne-facile_15415.aspx
112,plat,Amour de saumon en papillote,4.7/5,993,très facile,50 min,"{'poivre': '', 'sel': '', ""huile d'olive"": '', 'aneth': '4', 'tomates cerise': '20', 'saumon frais': '4', 'champignons de Paris': '20', 'ail': '1', 'citron': '1'}",https://www.marmiton.org/recettes/recette_amour-de-saumon-en-papillote_21494.aspx
113,plat,"Poulet à la moutarde, à l'estragon et aux champignons",4.7/5,960,très facile,40 min,"{'poivre': '', 'sel': '', ""huile d'olive"": '2', 'moutarde': '2', 'cube de bouillon': '1', 'blanc de poulet': '2', 'champignons de Paris': '200', 'crème fraîche allégée': '2', 'estragon': '2', 'échalote': '2'}",https://www.marmiton.org/recettes/recette_poulet-a-la-moutarde-a-l-estragon-et-aux-champignons_19374.aspx
114,plat,Filet mignon de porc au Maroilles,4.8/5,712,très facile,1 h,"{'sel': '', 'poivre': '', 'crème fraîche': '50', 'oignon': '1', 'filet mignon': '2', 'vin blanc': '10', 'maroilles': '250'}",https://www.marmiton.org/recettes/recette_filet-mignon-de-porc-au-maroilles_12734.aspx
115,plat,Carbonades flamandes traditionnelles,4.8/5,502,très facile,3h40,"{'moutarde': '3', 'sel': '', 'beurre': '30', ""pain d'épices"": '5', 'lard fumé': '250', 'oignon': '400', 'boeuf': '1', 'cassonade': '1', 'bouquet garni': '1', 'bière brune': '1'}",https://www.marmiton.org/recettes/recette_carbonades-flamandes-traditionnelles_29711.aspx
116,plat,Poulet basquaise,4.7/5,702,facile,1h20,"{'poivre': '', 'sel': '', ""huile d'olive"": '6', 'oignon': '3', 'poivron': '700', 'tomate': '1', 'poulet': '1', 'ail': '3', 'vin blanc': '20', 'bouquet garni': '1'}",https://www.marmiton.org/recettes/recette_poulet-basquaise_16969.aspx
117,plat,Couscous poulet et merguez facile,4.8/5,627,très facile,1h05,"{'pois chiches': '400', 'courgette': '2', 'carotte': '5', 'tomate': '3', 'cube de bouillon': '2', 'harissa': '1', ""huile d'olive"": '', 'merguez': '12', 'pilon de poulet': '8', 'concentré de tomates': '2', 'épices à couscous': '3', 'navet': '10'}",https://www.marmiton.org/recettes/recette_couscous-poulet-et-merguez-facile_17751.aspx
118,plat,Parmentier de confit de canard,5/5,337,très facile,45 min,"{'poivre': '', 'sel': '', 'muscade': '1', 'crème fraîche': '2', 'oignon': '2', 'cuisse de canard': '4', 'échalote': '2', 'pomme de terre': '10', 'lait': '', 'eau': ''}",https://www.marmiton.org/recettes/recette_parmentier-de-confit-de-canard_17048.aspx
119,plat,Tarte tatin de légumes,4.8/5,508,très facile,1 h,"{'pâte brisée': '1', 'sel': '', 'poivre': '', ""huile d'olive"": '', 'aubergine': '0.5', 'tomate': '2', 'oignon': '1', 'poivron': '3', 'courgette': '1', 'herbes de Provence': '', 'Parmesan': '50'}",https://www.marmiton.org/recettes/recette_tarte-tatin-de-legumes_24112.aspx
120,plat,Filet mignon de porc à la moutarde,4.9/5,346,très facile,1h05,"{'beurre': '', ""huile d'olive"": '', 'moutarde': '', 'crème fraîche': '40', 'bouillon de légumes': '1', 'filet mignon': '1', 'vin blanc sec': '25', 'champignon': '500'}",https://www.marmiton.org/recettes/recette_filet-mignon-de-porc-a-la-moutarde_36310.aspx
121,plat,Chili con carne express,4.7/5,622,très facile,35 min,"{""huile d'olive"": '', 'sel': '', 'poivre': '', 'chili': '2', 'haricots rouges': '400', 'oignon': '1', 'ail': '1', 'viande hachée': '400', 'tomates pelées': '400'}",https://www.marmiton.org/recettes/recette_chili-con-carne-express_14369.aspx
122,plat,Lapin à la moutarde maison,4.8/5,484,très facile,1 h,"{'carotte': '1', 'sucre': '1', 'sel': '', 'poivre': '', 'persil': '', 'thym': '1', 'feuille de laurier': '3', ""huile d'olive"": '', 'crème fraîche': '1', 'moutarde de Dijon': '1', 'lapin': '1', 'vin blanc sec': '1', 'ail': '2', 'échalote': '5'}",https://www.marmiton.org/recettes/recette_lapin-a-la-moutarde-maison_15983.aspx
123,plat,Boeuf braisé aux carottes,4.8/5,438,très facile,1h20,"{'carotte': '6', 'sel': '', 'poivre': '', 'bouillon de boeuf': '1', 'thym': '', 'oignon': '2', 'paleron': '1', 'lard': '1', 'matière grasse': '', 'concentré de tomates': '1', 'laurier': '', 'sauge': '', 'ail': '2'}",https://www.marmiton.org/recettes/recette_boeuf-braise-aux-carottes_13296.aspx
124,plat,Endive jambon,4.8/5,467,très facile,45 min,"{'beurre': '1', 'gruyère râpé': '', 'jambon': '4', 'endive': '1', 'crème fraîche liquide': '', 'ail': ''}",https://www.marmiton.org/recettes/recette_endive-jambon_19848.aspx
125,plat,Ratatouille,4.8/5,415,facile,1h20,"{'sel': '', 'poivre': '', 'feuille de laurier': '1', 'thym': '1', ""huile d'olive"": '6', 'tomate': '500', 'oignon': '350', 'poivron': '350', 'courgette': '350', 'aubergine': '350', 'ail': '3'}",https://www.marmiton.org/recettes/recette_ratatouille_23223.aspx
126,plat,Tartiflette : la vraie recette,4.7/5,720,très facile,1h15,"{'poivre': '', 'sel': '', 'huile': '2', 'reblochon': '1', 'oignon': '200', 'lardons fumés': '200', 'pomme de terre': '1', 'ail': '1'}",https://www.marmiton.org/recettes/recette_la-vraie-tartiflette_17634.aspx
127,plat,Pâte à pizza fine,4.8/5,456,très facile,1h10,"{'sucre': '1', 'sel': '1', 'levure': '1', 'farine': '500', 'eau': '0.25'}",https://www.marmiton.org/recettes/recette_pate-a-pizza-fine_29544.aspx
128,plat,Crevettes au curry express,4.8/5,474,très facile,15 min,"{""huile d'olive"": '2', 'curry': '1', 'crevette rose': '300', 'crème': '2'}",https://www.marmiton.org/recettes/recette_crevettes-au-curry-express_12645.aspx
129,plat,Paupiettes de veau,4.9/5,304,très facile,45 min,"{'vinaigre balsamique': '1', 'moutarde de Dijon': '1', 'fond de veau': '2', ""huile d'olive"": '1', 'paupiette de veau': '4', 'ail': '1', 'vin blanc': '12.5', 'eau': '12.5'}",https://www.marmiton.org/recettes/recette_paupiettes-de-veau_82641.aspx
130,plat,Rôti de porc de Dijon,4.9/5,347,facile,1h30,"{'sel': '', 'poivre': '', 'moutarde de Dijon': '', 'rôti de porc': '1', 'ail': '0.75', 'échalote': '10', 'crème fraîche allégée': ''}",https://www.marmiton.org/recettes/recette_roti-de-porc-de-dijon_12145.aspx
131,plat,Pâte à pizza inratable,4.8/5,355,très facile,30 min,"{""huile d'olive"": '3', 'levure de boulanger fraîche': '25', 'sel': '10', 'sucre': '10', 'farine': '500', 'fécule de pomme de terre': '20', 'eau': '30'}",https://www.marmiton.org/recettes/recette_pate-a-pizza-inratable_31623.aspx
132,plat,Filet de poulet au curry,4.9/5,282,facile,25 min,"{'poivre': '', 'sel': '', 'curry': '1', ""huile d'olive"": '1', 'oignon': '1', 'filet de poulet': '4', 'ail': '', 'sauce soja': '4', 'ciboulette': '4', 'crème fraîche épaisse': '10'}",https://www.marmiton.org/recettes/recette_filet-de-poulet-au-curry_80990.aspx
133,plat,Tajine d'agneau aux pruneaux,4.7/5,449,facile,1h20,"{'miel': '3', 'coriandre': '', 'safran': '1', 'gingembre': '0.5', ""huile d'olive"": '', 'oignon': '500', 'pruneau': '500', 'thé': '', ""épaule d'agneau"": '1.5', 'ail': '2', 'cannelle': '0.5', 'amandes': '100'}",https://www.marmiton.org/recettes/recette_tajine-d-agneau-aux-pruneaux_13086.aspx
134,plat,"Blanc de poulet aux endives, champignons et lardons",4.8/5,345,très facile,55 min,"{'sel': '', 'poivre': '', 'persil': '', 'beurre': '2', 'farine': '1', 'cognac': '1', 'crème fraîche': '4', 'lardons fumés': '125', 'oignon': '1', 'blanc de poulet': '4', 'endive': '1', 'champignons de Paris': '1'}",https://www.marmiton.org/recettes/recette_blanc-de-poulet-aux-endives-champignons-et-lardons_35733.aspx
135,plat,Lasagnes à la bolognaise très facile,4.7/5,466,très facile,1h05,"{'gruyère râpé': '100', 'oignon': '1', 'sauce bolognaise': '600', 'pâtes à lasagnes': '', 'viande hachée': '350', 'beurre': '125', 'farine': '2', 'lait': '0.5'}",https://www.marmiton.org/recettes/recette_lasagnes-a-la-bolognaise-tres-facile_70480.aspx
136,plat,Osso bucco de veau,5/5,247,facile,1h05,"{'sel': '', 'poivre': '', 'farine': '', 'oignon': '100', 'carotte': '200', 'tomates concassées': '1', 'huile': '10', 'jarret de veau': '4', 'ail': '3', 'vin blanc sec': '20', 'bouquet garni': '1'}",https://www.marmiton.org/recettes/recette_osso-bucco-de-veau_16090.aspx
137,plat,Poulet curry et oignons facile,4.7/5,544,très facile,20 min,"{'sel': '', 'poivre': '', 'piment': '', 'cumin': '', 'curry': '', 'oignon jaune': '2', 'blanc de poulet': '4', 'crème fraîche allégée': '1'}",https://www.marmiton.org/recettes/recette_poulet-curry-et-oignons-facile_13026.aspx
138,plat,"Quiche poireaux, chèvre lardons",4.8/5,350,très facile,55 min,"{'sel': '', 'poivre': '', 'crème fraîche': '20', 'lardons fumés': '100', 'poireau': '3', 'pâte brisée': '250', 'fromage de chèvre': '1', 'oeuf': '3', 'lait': '10'}",https://www.marmiton.org/recettes/recette_quiche-poireaux-chevre-lardons_22275.aspx
139,plat,Rôti de porc : recette savoureuse,4.6/5,856,très facile,1h10,"{'oignon': '2', 'sel': '', 'poivre': '', 'miel': '2', 'moutarde de Dijon': '1', 'rôti de porc': '1', 'ail': '1', 'bouillon de volaille': '25'}",https://www.marmiton.org/recettes/recette_roti-de-porc-a-la-moutarde-et-au-miel_17178.aspx
140,plat,Tajine de poulet à la marocaine,4.8/5,307,facile,1h25,"{'sel': '', 'poivre': '', 'miel': '3', 'pois chiches': '1', 'gingembre': '0.5', 'safran': '1', 'cumin': '1', 'oignon': '1', 'cuisse de poulet': '4', 'ail': '2', 'tomates pelées': '2', 'paprika': '1', 'mélange 4 épices': '1', 'cannelle': '1', 'eau': '1', 'citron': '1', 'raisins secs': '100'}",https://www.marmiton.org/recettes/recette_tajine-de-poulet-a-la-marocaine_51613.aspx
141,plat,Sauté de veau de Lisbonne,4.9/5,288,facile,1h15,"{'sel': '', 'poivre': '', 'thym': '1', 'oignon': '1', 'porto': '1', 'sauté de veau': '400', 'chorizo': '1', 'pomme de terre': '3', 'olives noires': '1', 'concentré de tomates': '1', 'ail': '1'}",https://www.marmiton.org/recettes/recette_saute-de-veau-de-lisbonne_28556.aspx
142,plat,Rougail saucisse,4.7/5,422,très facile,40 min,"{""huile d'olive"": '', 'piment': '1', 'curcuma': '1', 'sel': '', 'poivre': '', 'thym': '', 'oignon': '4', 'tomate': '4', 'saucisse': '6', 'ail': '6', 'laurier': ''}",https://www.marmiton.org/recettes/recette_rougail-saucisse_22851.aspx
143,plat,Tartiflette,4.7/5,427,facile,50 min,"{'poivre': '1', 'sel': '1', 'oignon': '500', 'jambon fumé': '1', 'reblochon': '1.5', 'pomme de terre': '1.2', 'Apremont': '40'}",https://www.marmiton.org/recettes/recette_tartiflette_10514.aspx
144,plat,Papillote de saumon à la mozzarella,4.7/5,585,facile,50 min,"{""huile d'olive"": '', 'sel': '', 'poivre': '', 'tomate': '2', 'saumon': '2', 'mozzarella': '1', 'herbes de Provence': '', 'basilic': '', 'olives noires': '2', 'ail': '2'}",https://www.marmiton.org/recettes/recette_papillote-de-saumon-a-la-mozzarella_23382.aspx
145,plat,Blanquette de veau maison,4.8/5,367,facile,1h45,"{'beurre': '70', 'farine': '1', 'crème fraîche': '1', 'persil': '1', 'oignon': '1', 'poireau': '2', 'carotte': '1', 'épaule de veau': '1.2', 'ail': '1', 'échalote': '2', 'céleri': '1', 'bouquet garni': '1', 'citron': '1', 'champignons de Paris': '300', 'vin blanc sec': '3', ""jaune d'oeuf"": '2'}",https://www.marmiton.org/recettes/recette_blanquette-de-veau-maison_16224.aspx
146,plat,Filet mignon de porc aux courgettes,4.8/5,353,très facile,45 min,"{'sel': '', 'poivre': '', 'beurre': '30', ""huile d'olive"": '2', 'courgette': '1', 'filet mignon': '1', 'raisins secs': '75', 'bouillon de volaille': '10', 'ail': '1', 'bouquet garni': '1'}",https://www.marmiton.org/recettes/recette_filet-mignon-de-porc-aux-courgettes_30977.aspx
147,plat,Tagliatelles à la crème de poireaux,4.8/5,328,facile,30 min,"{'sel': '', 'poivre': '', 'beurre': '', 'crème fraîche': '1', 'lardons': '150', 'poireau': '2', 'tagliatelles': '500', 'Parmesan': ''}",https://www.marmiton.org/recettes/recette_tagliatelles-a-la-creme-de-poireaux_20838.aspx
148,plat,Pâte à pizza épaisse et moelleuse,4.6/5,774,facile,20 min,"{""huile d'olive"": '3', 'levure': '1', 'sel': '2', 'farine': '350', 'eau': '25'}",https://www.marmiton.org/recettes/recette_pate-a-pizza-epaisse-et-moelleuse_58761.aspx
149,plat,Emincé de poulet aux épices et au miel,4.8/5,350,très facile,20 min,"{'sel': '', 'poivre': '', 'miel liquide': '2', 'huile': '1', 'beurre': '25', 'oignon': '1', 'escalope de poulet': '3', 'ail': '1', 'cannelle': '1', 'sauce soja': '4'}",https://www.marmiton.org/recettes/recette_emince-de-poulet-aux-epices-et-au-miel_35498.aspx
150,plat,Poulet au curry lait de coco et noix de cajou,4.7/5,378,très facile,25 min,"{'poivre': '', 'sel': '', 'huile': '3', 'maïzena': '1', 'curry': '1', 'filet de poulet': '3', 'lait de coco': '20', 'sauce soja': '1', 'noix de cajou': '1'}",https://www.marmiton.org/recettes/recette_poulet-au-curry-lait-de-coco-et-noix-de-cajou_37398.aspx
151,plat,Pâte à pizza pour MAP (machine à pain),4.9/5,268,très facile,5 min,"{'fromage râpé': '', 'levure': '1', 'farine': '440', 'sel': '0.5', ""huile d'olive"": '5', 'eau': '25', 'herbes de Provence': ''}",https://www.marmiton.org/recettes/recette_pate-a-pizza-pour-map-machine-a-pain_50364.aspx
152,plat,Pavé de saumon sur son lit de poireaux,4.7/5,386,facile,45 min,"{'curry': '', 'huile': '', 'sel': '', 'poivre': '', 'poireau': '4', 'saumon': '4', 'crème fraîche épaisse': '20'}",https://www.marmiton.org/recettes/recette_pave-de-saumon-sur-son-lit-de-poireaux_25136.aspx
153,plat,Blanquette de crevettes,4.8/5,278,facile,55 min,"{'sel': '', 'poivre': '', 'oignon': '1', 'beurre': '20', 'maïzena': '1', 'crème fraîche': '20', 'tomate': '3', 'carotte': '2', 'crevette rose': '800', 'vin blanc sec': '10', 'bouquet garni': '1', 'citron vert': '1'}",https://www.marmiton.org/recettes/recette_blanquette-de-crevettes_10753.aspx
154,plat,Boeuf bourguignon : la vraie recette,4.8/5,324,facile,5 h,"{'poivre': '', 'sel': '', 'beurre': '100', 'vin rouge': '1', 'carotte': '4', 'oignon': '4', 'bourguignon': '600', 'bouquet garni': '1'}",https://www.marmiton.org/recettes/recette_boeuf-bourguignon_18889.aspx
155,plat,Feuilleté au jambon,4.7/5,455,très facile,35 min,"{'bûche de chèvre': '', 'jambon blanc': '3', 'pâte feuilletée': '1', 'champignon': '1', 'oeuf': '2'}",https://www.marmiton.org/recettes/recette_feuillete-au-jambon_15869.aspx
156,plat,Cuisse de canard à l'orientale,4.9/5,254,facile,1h20,"{'sel': '', 'poivre': '', 'crème fraîche': '15', 'cube de bouillon': '1', 'vinaigre balsamique': '2', 'miel': '2', 'coriandre': '1', 'gingembre': '1', 'cumin': '1', 'oignon': '2', 'cuisse de canard': '4', 'ail': '2', 'raisins secs': '60', 'eau': ''}",https://www.marmiton.org/recettes/recette_cuisse-de-canard-a-l-orientale_61466.aspx
157,plat,"Papillotes de saumon au miel, curry et gingembre",4.8/5,272,très facile,30 min,"{'poivre': '', 'sel': '', 'oignon': '150', 'beurre': '15', 'miel': '4', 'curry': '2', 'gingembre': '2', 'crème fraîche': '4', 'saumon': '4'}",https://www.marmiton.org/recettes/recette_papillotes-de-saumon-au-miel-curry-et-gingembre_30711.aspx
158,plat,Blanquette de poisson,4.8/5,266,très facile,40 min,"{'farine': '', 'sel': '', 'poivre': '', 'oignon': '1', 'lieu noir': '600', 'champignons de Paris': '400', 'vin blanc': '15', 'crème fraîche liquide': '15', 'bouquet garni': ''}",https://www.marmiton.org/recettes/recette_blanquette-de-poisson_33302.aspx
159,plat,risotto aux poireaux,4.8/5,264,très facile,30 min,"{'crème fraîche': '', 'beurre': '', 'cube de bouillon': '1', 'poireau': '3', 'riz pour risotto': '4', 'vin blanc sec': '1', 'parmesan râpé': ''}",https://www.marmiton.org/recettes/recette_risotto-aux-poireaux_19753.aspx
160,plat,Tajine traditionnel (Maroc),4.8/5,290,très facile,1h15,"{'sel': '', 'poivre': '', 'safran': '', 'épices': '', 'cumin': '', ""huile d'olive"": '0.5', 'oignon': '1', 'carotte': '1', 'tomate': '1', 'courgette': '0.5', ""selle d'agneau"": '2', 'pomme de terre': '4', 'olives vertes': '', 'eau': '0.5'}",https://www.marmiton.org/recettes/recette_tajine-traditionnel-maroc_14163.aspx
161,plat,Lasagnes végétariennes (facile),4.8/5,292,facile,1h20,"{'oignon': '4', 'gruyère râpé': '400', 'lasagnes': '', 'sel': '', 'poivre': '', 'courgette': '4', 'tomate': '6', 'basilic frais': '', 'herbes de Provence': '', 'coulis de tomate': '200', 'béchamel': '50'}",https://www.marmiton.org/recettes/recette_lasagnes-vegetariennes-facile_10527.aspx
162,plat,Gratin de courge butternut,4.8/5,251,très facile,25 min,"{'muscade': '', 'sel': '', 'poivre': '', 'courge': '1', 'poitrine fumée': '200', 'herbes': '2', 'pignons': '2', 'crème liquide': '', 'parmesan râpé': ''}",https://www.marmiton.org/recettes/recette_gratin-de-courge-butternut_34853.aspx
163,plat,Tartiflette facile,4.7/5,332,facile,1 h,"{'poivre': '', 'sel': '', 'lardons fumés': '500', 'oignon': '7', 'reblochon': '2', 'pomme de terre': '2.5', 'vin blanc': '20', 'crème fleurette': '30'}",https://www.marmiton.org/recettes/recette_tartiflette-facile_15733.aspx
164,plat,Paupiettes de veau aux oignons et tomates,4.8/5,276,facile,1h20,"{'sel': '', 'poivre': '', ""huile d'olive"": '', 'tomate': '2', 'oignon jaune': '1', 'paupiette de veau': '2', 'ail': '1', 'vin blanc': '', 'olives noires': '', 'champignons de Paris': '1', 'herbes de Provence': '', 'basilic': ''}",https://www.marmiton.org/recettes/recette_paupiettes-de-veau-aux-oignons-et-tomates_17872.aspx
165,plat,Risotto au poulet et chorizo,4.8/5,235,très facile,45 min,"{'oignon': '1', 'beurre': '', ""huile d'olive"": '', 'riz': '3', 'vin blanc': '2', 'Parmesan': '', 'bouillon de volaille': '1', 'poivron jaune': '1', 'poivron vert': '1', 'poivron rouge': '1', 'blanc de poulet': '2', 'chorizo': '1', 'petits pois': '2'}",https://www.marmiton.org/recettes/recette_risotto-au-poulet-et-chorizo_36084.aspx
166,plat,Cassoulet à ma façon,4.8/5,234,facile,4 h,"{'sel': '', 'poivre': '', 'thym': '', 'haricots coco': '750', ""saucisson à l'ail"": '16', 'saucisse de Toulouse': '8', 'poitrine de porc': '4', 'confit de canard': '2', 'concentré de tomates': '70', 'chapelure': '', 'ail': '', 'laurier': ''}",https://www.marmiton.org/recettes/recette_cassoulet-a-ma-facon_16749.aspx
167,plat,Courgettes farcies,4.7/5,288,moyenne,1h10,"{'fromage râpé': '50', 'oignon': '1', ""huile d'olive"": '50', 'sel': '', 'poivre': '', 'courgette': '2', 'porc': '600', 'coulis de tomate': '20'}",https://www.marmiton.org/recettes/recette_courgettes-farcies_11192.aspx
168,plat,Poulet au four simple et savoureux,4.8/5,229,facile,1h55,"{'poivre': '', 'sel': '1', 'feuille de laurier': '', 'tomates cerise': '1', 'oignon': '2', 'poulet': '1', 'ail': '3', 'jus de citron': '1', 'bouillon de volaille': '1'}",https://www.marmiton.org/recettes/recette_poulet-au-four-version-light_218020.aspx
169,plat,Saumon à l'échalote,4.7/5,305,très facile,25 min,"{'sel': '', 'beurre': '1', 'moutarde': '1', 'vinaigre balsamique': '4', 'crème fraîche': '2', 'saumon frais': '4', 'échalote': '5', 'eau': ''}",https://www.marmiton.org/recettes/recette_saumon-a-l-echalote_16226.aspx
170,plat,Blanquette de veau de la Baronne,4.8/5,257,facile,2h20,"{'gros sel': '', 'crème fraîche': '50', 'beurre': '2', 'farine': '2', 'oignon': '1', 'carotte': '2', 'blanquette de veau': '1.2', 'petit os de veau': '1', 'bouquet garni': '1', 'citron': '', ""jaune d'oeuf"": '1'}",https://www.marmiton.org/recettes/recette_blanquette-de-veau-de-la-baronne_25395.aspx
171,plat,Lasagnes aux courgettes et au chèvre,4.6/5,714,très facile,35 min,"{'muscade': '', 'poivre': '', 'sel': '', 'gruyère râpé': '30', 'lasagnes': '5', 'maïzena': '1', 'courgette': '2', 'fromage de chèvre': '5', 'lait': '25'}",https://www.marmiton.org/recettes/recette_lasagnes-aux-courgettes-et-au-chevre_22798.aspx
172,plat,Gratin de Courgettes à la viande,4.8/5,266,facile,2 h,"{'sel': '', 'poivre': '', 'gruyère râpé': '1', 'oignon': '1', 'courgette': '6', 'viande hachée': '350', 'coulis de tomate': '50', 'crème fraîche liquide': '40'}",https://www.marmiton.org/recettes/recette_gratin-de-courgettes_22983.aspx
173,plat,Rôti de veau en cocotte aux champignons,4.8/5,232,très facile,50 min,"{'fond de veau': '6', 'sel': '', 'poivre': '', 'oignon': '1', 'beurre': '40', 'rôti de veau': '1', 'vin blanc': '1', 'herbes de Provence': '1', 'basilic': '1', 'champignons de Paris': '500'}",https://www.marmiton.org/recettes/recette_roti-de-veau-en-cocotte-aux-champignons_33366.aspx
174,plat,Cailles à la moutarde et au miel,4.8/5,267,très facile,1h10,"{'poivre': '', 'sel': '', 'moutarde de Dijon': '2', 'beurre': '50', 'miel': '4', 'caille': '8'}",https://www.marmiton.org/recettes/recette_cailles-a-la-moutarde-et-au-miel_22222.aspx
175,plat,Osso bucco milanaise,4.9/5,203,facile,1h40,"{'sel': '', 'poivre': '', ""huile d'olive"": '', 'farine': '2', 'feuille de laurier': '1', 'persil': '0.5', 'carotte': '1', 'oignon': '2', 'jarret de veau': '6', 'pulpe de tomate': '350', 'ail': '2', 'citron': '1', 'céleri': '1', 'vin blanc': '25', 'bouillon de volaille': '1'}",https://www.marmiton.org/recettes/recette_osso-bucco-milanaise_26684.aspx
176,plat,Gigot de 7 heures : la recette incontournable,4.7/5,357,facile,8 h,"{'sel': '', 'poivre': '', 'cognac': '10', ""huile d'olive"": '10', 'bouillon de boeuf': '30', 'oignon': '300', 'carotte': '200', ""gigot d'agneau"": '1', 'couenne': '250', 'tomates pelées': '500', 'bouquet garni': '1', 'vin blanc': '50'}",https://www.marmiton.org/recettes/recette_gigot-de-sept-heures_12368.aspx
177,plat,Risotto aux asperges fraîches,4.8/5,247,très facile,40 min,"{'poivre blanc': '', 'sel': '', 'bouillon de légumes': '1', 'oignon': '1', 'beurre': '50', 'asperge': '1', 'riz pour risotto': '300', 'vin blanc': '15', 'Parmesan': '100'}",https://www.marmiton.org/recettes/recette_risotto-aux-asperges-fraiches_37750.aspx
178,plat,Tarte à la courgette et aux lardons,4.8/5,254,facile,55 min,"{'sel': '', 'poivre': '', 'curry': '1', 'oignon': '1', 'lardons': '200', 'pâte brisée': '1', 'courgette': '2', 'crème liquide': '100', 'oeuf': '2'}",https://www.marmiton.org/recettes/recette_tarte-a-la-courgette-et-aux-lardons_13635.aspx
179,plat,Risotto aux champignons (recette italienne du risotto alla fungaiola),4.7/5,272,facile,1h15,"{'poivre': '', 'sel': '', 'persil': '1', 'oignon': '0.5', 'crème fraîche': '50', 'riz rond': '200', 'champignon': '300', 'mascarpone': '3', 'ail': '1', 'parmesan râpé': '150'}",https://www.marmiton.org/recettes/recette_risotto-aux-champignons-recette-italienne-du-risotto-alla-fungaiola_29870.aspx
180,plat,Aubergines farcies (aux légumes ou mixte),4.8/5,256,moyenne,55 min,"{'gruyère râpé': '25', 'tomate': '1', 'oignon': '2', 'aubergine': '1', 'oeuf': '1', 'chair à saucisse': '100', 'Condiments': ''}",https://www.marmiton.org/recettes/recette_aubergines-farcies-aux-legumes-ou-mixte_17955.aspx
181,plat,Pot-au-feu à l'autocuiseur,4.8/5,261,facile,55 min,"{'gros sel': '', 'oignon': '1', 'poireau': '3', 'carotte': '4', 'viande': '1', 'pomme de terre': '800', 'navet': '3', 'chou': '1', 'ail': '1', 'bouquet garni': ''}",https://www.marmiton.org/recettes/recette_pot-au-feu-a-l-autocuiseur_20533.aspx
182,plat,Lasagnes,4.7/5,267,moyenne,2h05,"{'sel': '', 'poivre': '', ""huile d'olive"": '', 'carotte': '1', 'oignon': '1', 'purée de tomate': '1', 'tomate': '1', 'pâtes à lasagnes': '0.5', 'boeuf haché': '250', 'saucisse': '150', 'céleri': '1', 'basilic': '', 'mozzarella': '', 'maïzena': '', 'beurre': '', 'lait': ''}",https://www.marmiton.org/recettes/recette_lasagnes_24174.aspx
183,plat,Brochettes de poulet express aux épices,4.9/5,189,très facile,15 min,"{'cumin': '1', 'curry': '2', 'miel liquide': '2', 'sel': '', 'poivre': '', 'moutarde': '2', ""huile d'olive"": '1', 'blanc de poulet': '4'}",https://www.marmiton.org/recettes/recette_brochettes-de-poulet-express-aux-epices_55078.aspx
184,plat,Cake salé de base avec garnitures,4.8/5,203,facile,1h10,"{'poivre': '', 'sel': '', 'emmental': '100', 'huile': '7', 'levure': '1', 'farine': '200', 'oeuf': '4', 'lait': '12.5', 'lardons': '200', 'Noix concassé': '70', 'roquefort': '125', 'amandes': '50', 'champignon': '200', 'olives': '150', 'herbes de Provence': '', 'tabasco': '', 'origan': '', 'tomate': '100', 'bûche de chèvre': '1', 'ail': '', 'cumin': '', 'crème fraîche': '1', 'courgette': '200', 'thon': '150', 'fenouil': '', 'banane': '1', 'pruneau': '125', 'boudin noir': '200', 'pomme': '1', 'amandes en poudre': '50', 'aneth': '', 'asperge': '200', 'saumon frais': '200', 'chorizo': '125', 'maroilles': '200', 'noisettes': '70'}",https://www.marmiton.org/recettes/recette_base-cake-sale-et-differentes-garnitures_223949.aspx
185,plat,Sauté de porc à la crème de moutarde,4.7/5,321,facile,40 min,"{'farine': '2', 'moutarde': '2', ""huile d'olive"": '2', 'beurre': '30', 'carotte': '3', 'oignon': '2', 'sauté de porc': '1', 'vin blanc': '25', 'eau': '25', 'crème fraîche épaisse': '20'}",https://www.marmiton.org/recettes/recette_saute-de-porc-a-la-creme-de-moutarde_173829.aspx
186,plat,Cuisse de dinde à la dijonnaise,4.8/5,224,très facile,1h20,"{'sel': '', 'poivre': '', 'huile': '1', 'crème fraîche': '1', 'moutarde de Dijon': '1', 'tomate': '2', 'cuisse de dinde': '1', 'pomme de terre': '800', 'ail': '2'}",https://www.marmiton.org/recettes/recette_cuisse-de-dinde-a-la-dijonnaise_27303.aspx
187,plat,Joue de porc à la bière,4.9/5,192,très facile,2h25,"{'sel': '', 'poivre': '', 'bière': '33', 'miel': '1', 'lardons': '250', 'oignon': '2', 'huile': '', 'beurre': '', 'joue de porc': '1'}",https://www.marmiton.org/recettes/recette_joue-de-porc-a-la-biere_36896.aspx
188,plat,Véritable Fondue savoyarde,4.7/5,309,facile,45 min,"{'maïzena': '1', 'reblochon': '0.25', 'comté': '400', 'beaufort': '500', 'vin blanc': '2', 'tomme': '300', 'kirsch': '1', 'ail': '1', 'pain de campagne': '1'}",https://www.marmiton.org/recettes/recette_veritable-fondue-savoyarde_34077.aspx
189,plat,Gratin de cabillaud façon Paolita,4.8/5,200,facile,50 min,"{'fromage râpé': '50', 'crème fraîche': '20', 'sel': '', 'poivre': '', 'tomate': '2', 'persil': '1', 'poivron vert': '1', 'poivron jaune': '1', 'poivron rouge': '1', 'oignon': '2', 'lieu noir': '5', 'ail': '2', 'basilic': '', 'herbes de Provence': ''}",https://www.marmiton.org/recettes/recette_gratin-de-cabillaud-facon-paolita_19124.aspx
190,plat,Moules au roquefort,4.9/5,152,facile,35 min,"{'sel': '', 'poivre': '', 'persil': '', 'moules': '1.5', 'échalote': '3', 'vin blanc sec': '25', 'crème fraîche épaisse': '50', 'roquefort': '125', 'beurre demi-sel': ''}",https://www.marmiton.org/recettes/recette_moules-au-roquefort_36429.aspx
191,plat,Saucisses aux lentilles,4.7/5,276,facile,55 min,"{'lardons fumés': '100', 'carotte': '1', 'lentilles vertes': '250', 'saucisse': '4', 'oignon blanc': '', 'bouquet garni': '1'}",https://www.marmiton.org/recettes/recette_saucisses-aux-lentilles_22979.aspx
192,plat,Filet mignon rôti au cidre,4.8/5,197,facile,1h40,"{'sel': '', 'beurre': '60', 'crème fraîche': '1', 'oignon': '3', 'filet mignon': '1', 'champignon': '300', 'tomates confites à l’huile': '1', 'cidre': '0.5'}",https://www.marmiton.org/recettes/recette_filet-mignon-roti-au-cidre_19890.aspx
193,plat,Souris d'agneau caramélisées,4.9/5,168,facile,2h30,"{'carotte': '2', 'vinaigre de xérès': '2', 'vinaigre balsamique': '2', 'miel liquide': '4', 'fond de veau': '2', 'cumin': '1', 'romarin': '', 'thym': '', ""souris d'agneau"": '10', 'ail': '8', 'échalote': '6', 'bouillon': '0.5'}",https://www.marmiton.org/recettes/recette_souris-d-agneau-caramelisees_28164.aspx
194,plat,Gigot d'agneau aux pommes boulangères,4.7/5,243,très facile,1h35,"{'sel': '', 'poivre': '', 'beurre': '100', 'thym': '', ""gigot d'agneau"": '1', 'pomme de terre': '8', 'ail': ''}",https://www.marmiton.org/recettes/recette_gigot-d-agneau-aux-pommes-boulangeres_10698.aspx
195,plat,Couscous sans couscoussier,4.8/5,215,très facile,2 h,"{""huile d'olive"": '', 'sel': '', 'coriandre': '', 'cumin': '', 'merguez': '8', 'tomate': '6', 'courgette': '4', 'carotte': '4', 'oignon': '2', 'navet': '3', ""côte d'agneau"": '8', 'boeuf': '600', 'cuisse de poulet': '4', 'paprika': '', 'cannelle': ''}",https://www.marmiton.org/recettes/recette_couscous-sans-couscoussier_29227.aspx
196,plat,Ragoût de lentilles vertes,4.8/5,204,très facile,1h25,"{'sel': '', 'poivre': '', 'feuille de laurier': '2', 'crème fraîche': '250', 'lardons fumés': '300', 'oignon': '3', 'carotte': '5', 'lentilles vertes': '600', 'champignons de Paris': '150', 'bouillon': '1', 'coulis de tomate': '35', 'herbes de Provence': ''}",https://www.marmiton.org/recettes/recette_ragout-de-lentilles-vertes-du-puy_24629.aspx
197,plat,Bourguignon délicieux,4.9/5,160,facile,4h35,"{'sel': '', 'poivre': '', 'farine': '2', 'beurre': '50', 'huile': '2', 'oignon': '2', 'carotte': '3', 'lardons': '100', 'boeuf': '1', 'champignon': '300', 'bouquet garni': '1', 'bourgogne': '1'}",https://www.marmiton.org/recettes/recette_bourguignon-delicieux_37428.aspx
198,plat,Curry de lotte au lait de coco,4.8/5,177,facile,40 min,"{'sucre': '', 'sel': '', 'poivre': '', 'tomate': '6', 'poivron vert': '1', 'poivron rouge': '1', 'lotte': '1.8', 'lait de coco': '400', 'pâte de curry': '1'}",https://www.marmiton.org/recettes/recette_curry-de-lotte-au-lait-de-coco_13587.aspx
199,plat,Ailerons de poulet confits au miel,4.8/5,182,facile,1h05,"{'sel': '', 'poivre': '', 'piment de Cayenne': '', 'gingembre': '2', 'miel': '4', 'poulet': '1.5', 'bouillon': '0.5', 'ail': '4', 'citron': '0.5', 'sauce soja': '2'}",https://www.marmiton.org/recettes/recette_ailerons-de-poulet-confits-au-miel_29687.aspx
200,dessert,Tiramisu (recette originale),4.8/5,2767,très facile,15 min,"{'cacao amer': '30', 'biscuits à la cuillère': '24', 'sucre roux': '100', 'oeuf': '3', 'sucre vanillé': '1', 'mascarpone': '250', 'café': '50'}",https://www.marmiton.org/recettes/recette_tiramisu-recette-originale_12023.aspx
201,dessert,Ramequins fondants au chocolat,4.8/5,3285,très facile,22 min,"{'farine': '1', 'beurre doux': '35', 'sucre semoule': '80', 'chocolat noir': '120', 'oeuf': '3'}",https://www.marmiton.org/recettes/recette_ramequins-fondants-au-chocolat_15816.aspx
202,dessert,Le crumble aux pommes du Chat qui Tousse,4.8/5,2361,très facile,55 min,"{'beurre doux': '125', 'farine de blé': '150', 'pomme': '6', 'cassonade': '150', 'cannelle': '1', 'sucre vanillé': '1', 'citron': ''}",https://www.marmiton.org/recettes/recette_le-crumble-aux-pommes-du-chat-qui-tousse_10534.aspx
203,dessert,Meringue : recette facile,4.8/5,1798,très facile,5 min,"{'sucre semoule': '250', ""blanc d'oeuf"": '4'}",https://www.marmiton.org/recettes/recette_meringue-pour-les-nuls_36610.aspx
204,dessert,Pancake Moelleux : recette facile,4.8/5,1735,très facile,14 min,"{'sel': '1', 'beurre doux': '65', 'levure': '1', 'sucre semoule': '30', 'farine': '250', 'oeuf': '2', 'lait': '30'}",https://www.marmiton.org/recettes/recette_pancakes_15299.aspx
205,dessert,Tarte au citron meringuée,4.7/5,2975,très facile,55 min,"{'sel': '1', 'sucre semoule': '150', 'beurre doux': '125', 'farine': '250', ""jaune d'oeuf"": '2', 'eau': '5', 'maïzena': '1', 'citron': '4', 'oeuf': '3', 'levure chimique': '0.5', 'sucre glace': '100', ""blanc d'oeuf"": '2'}",https://www.marmiton.org/recettes/recette_the-tarte-au-citron-meringuee_22082.aspx
206,dessert,Tarte aux pommes à l'Alsacienne,4.8/5,1121,très facile,55 min,"{'sucre en poudre': '100', 'crème fraîche': '25', 'pâte brisée': '1', 'pomme': '3', 'oeuf': '2', 'sucre vanillé': '1'}",https://www.marmiton.org/recettes/recette_tarte-aux-pommes-a-l-alsacienne_11457.aspx
207,dessert,Pain d'épices,4.8/5,1127,facile,1h30,"{'quatre-épices': '1', 'gingembre': '1', 'muscade': '1', 'anis': '1', 'levure chimique': '1', 'sucre en poudre': '100', 'farine': '250', 'miel': '250', 'sucre vanillé': '1', 'cannelle': '1', 'oeuf': '2', 'lait': '10'}",https://www.marmiton.org/recettes/recette_pain-d-epices_11087.aspx
208,dessert,Pancakes faciles et rapides,4.8/5,1177,très facile,15 min,"{'levure': '1', 'farine': '150', 'huile': '1', 'sucre': '1', 'oeuf': '1', 'lait': '200'}",https://www.marmiton.org/recettes/recette_pancakes-faciles-et-rapides_81518.aspx
209,dessert,Génoise ultra-rapide et pourtant si aérienne...,4.9/5,802,facile,30 min,"{'levure chimique': '0.5', 'farine': '125', 'sucre': '125', 'oeuf': '4'}",https://www.marmiton.org/recettes/recette_genoise-ultra-rapide-et-pourtant-si-aerienne_49844.aspx
210,dessert,Riz au lait de ma maman,4.9/5,643,très facile,1h10,"{'orange': '', 'sucre': '5', 'lait': '1', 'riz blanc': '100', 'sucre vanillé': '1', 'citron': '1'}",https://www.marmiton.org/recettes/recette_riz-au-lait-de-ma-maman_20380.aspx
211,dessert,Gâteau aux pommes facile,4.7/5,1939,très facile,50 min,"{'farine': '125', 'levure chimique': '0.5', 'sucre semoule': '120', 'sucre vanillé': '1', 'oeuf': '3', 'huile de colza': '0.5', 'pomme': '3'}",https://www.marmiton.org/recettes/recette_gateau-aux-pommes-facile_13493.aspx
212,dessert,Galette des rois,4.7/5,1447,très facile,55 min,"{""extrait d'amande amère"": '', 'beurre tendre': '50', 'sucre semoule': '75', 'pâte feuilletée': '2', 'amandes en poudre': '100', 'oeuf': '1', ""jaune d'oeuf"": '1'}",https://www.marmiton.org/recettes/recette_galette-des-rois_10832.aspx
213,dessert,Gâteau au chocolat des écoliers,4.7/5,1311,facile,35 min,"{'levure chimique': '1', 'farine': '100', 'sucre en poudre': '200', 'beurre doux': '125', 'chocolat noir': '200', 'oeuf': '4'}",https://www.marmiton.org/recettes/recette_gateau-au-chocolat-des-ecoliers_20654.aspx
214,dessert,Gâteau au chocolat fondant rapide,4.7/5,1792,très facile,40 min,"{'sucre en poudre': '100', 'farine': '50', 'beurre': '100', 'chocolat pâtissier': '200', 'oeuf': '3'}",https://www.marmiton.org/recettes/recette_gateau-au-chocolat-fondant-rapide_166352.aspx
215,dessert,Crème pâtissière,4.9/5,529,très facile,20 min,"{'vanille': '1', 'sucre': '200', 'farine': '100', 'lait': '1', ""jaune d'oeuf"": '4'}",https://www.marmiton.org/recettes/recette_creme-patissiere_35195.aspx
216,dessert,Cake au chocolat et amandes en poudre,4.8/5,899,très facile,45 min,"{'beurre': '80', 'levure': '1', 'farine': '60', 'sucre en poudre': '100', 'chocolat pâtissier': '150', 'oeuf': '3', 'amandes en poudre': '50'}",https://www.marmiton.org/recettes/recette_cake-au-chocolat_17391.aspx
217,dessert,Gâteau au yaourt,4.6/5,2433,très facile,45 min,"{'farine': '3', 'sucre semoule': '2', 'levure chimique': '0.5', 'yaourt nature': '1', 'huile de colza': '0.5', 'oeuf': '2', 'citron': '1'}",https://www.marmiton.org/recettes/recette_gateau-au-yaourt_12719.aspx
218,dessert,Crumble simple,4.9/5,497,très facile,35 min,"{'sucre': '120', 'beurre': '75', 'farine': '150', 'pomme': '3'}",https://www.marmiton.org/recettes/recette_crumble-simple_12173.aspx
219,dessert,Panna cotta,4.8/5,752,très facile,20 min,"{'vanille': '1', 'gélatine': '2', 'sucre': '50', 'crème fraîche liquide': '50'}",https://www.marmiton.org/recettes/recette_panna-cotta_17991.aspx
220,dessert,Canelés bordelais,4.7/5,1143,moyenne,1h30,"{'sel': '1', 'beurre doux': '50', 'sucre en poudre': '250', 'farine': '100', 'rhum': '1', 'vanille': '0.5', 'lait': '50', 'oeuf': '2', ""jaune d'oeuf"": '2'}",https://www.marmiton.org/recettes/recette_canneles-bordelais_11439.aspx
221,dessert,Pâte à crêpes (des plus raffinées),4.7/5,1240,facile,17 min,"{'beurre': '90', 'sucre en poudre': '75', 'sel': '3', 'farine': '375', 'oeuf': '6', 'lait': '1', 'grand-marnier': '3'}",https://www.marmiton.org/recettes/recette_pate-a-crepes-des-plus-raffinees_49665.aspx
222,dessert,Chouquettes,4.6/5,1371,très facile,35 min,"{'levure chimique': '0.5', 'sel': '0.5', 'sucre semoule': '1', 'farine': '150', 'beurre doux': '100', 'eau': '25', 'sucre vanillé': '1', 'oeuf': '3', 'sucre en grain': ''}",https://www.marmiton.org/recettes/recette_chouquettes_30622.aspx
223,dessert,Tiramisu aux speculoos,4.8/5,661,facile,25 min,"{'amaretto': '1', 'spéculoos': '300', 'sucre roux': '80', 'mascarpone': '250', 'sucre vanillé': '1', 'oeuf': '3', 'café': '2', 'cacao': '30'}",https://www.marmiton.org/recettes/recette_tiramisu-aux-speculoos_36386.aspx
224,dessert,Clafoutis grand-mère aux cerises,4.7/5,760,très facile,40 min,"{'sucre glace': '', 'sel': '1', 'sucre en poudre': '60', 'farine': '100', 'beurre': '40', 'cerises': '600', 'oeuf': '4', 'lait': '20', 'sucre vanillé': '1'}",https://www.marmiton.org/recettes/recette_clafoutis-grand-mere-aux-cerises_29896.aspx
225,dessert,Galette des rois à la frangipane,4.7/5,1096,très facile,30 min,"{'beurre tendre': '75', 'sucre fin': '100', 'pâte feuilletée': '2', 'amandes en poudre': '140', 'oeuf': '2', ""jaune d'oeuf"": '1'}",https://www.marmiton.org/recettes/recette_galette-des-rois-a-la-frangipane_20147.aspx
226,dessert,Cookies aux pépites de chocolat super moelleux,4.7/5,782,très facile,25 min,"{'sel': '', 'levure': '1', 'sucre semoule': '125', 'farine': '350', 'chocolat': '300', 'beurre': '250', 'oeuf': '2', 'sucre brun': '125'}",https://www.marmiton.org/recettes/recette_cookies-aux-pepites-de-chocolat-super-moelleux_57330.aspx
227,dessert,Tarte chocolat - poires facile,4.7/5,1097,très facile,45 min,"{'sucre': '70', 'crème fraîche': '6', 'chocolat noir': '80', 'pâte sablée': '1', 'lait': '2', 'oeuf': '3', 'poire': '1'}",https://www.marmiton.org/recettes/recette_tarte-chocolat-poires-facile_14023.aspx
228,dessert,Crème de citron (Lemon curd),4.8/5,467,moyenne,30 min,"{'maïzena': '1', 'sucre': '150', 'citron': '4', 'oeuf': '3'}",https://www.marmiton.org/recettes/recette_creme-de-citron-lemon-curd_11210.aspx
229,dessert,Financier minute (pour utiliser des blancs d'oeuf),4.8/5,534,très facile,30 min,"{'sucre': '150', 'beurre': '100', 'farine': '60', 'amandes en poudre': '80', ""blanc d'oeuf"": '4'}",https://www.marmiton.org/recettes/recette_financier-minute-pour-utiliser-des-blancs-d-oeuf_17526.aspx
230,dessert,Pain d'épices aux fruits secs facile,4.8/5,500,très facile,50 min,"{""écorce d'orange"": '', 'noix': '', 'muscade': '', 'clou de girofle': '', 'gingembre': '', 'sel': '1', 'levure': '0.5', 'farine': '200', 'beurre': '100', 'miel': '250', 'lait': '10', 'cassonade': '50', 'oeuf': '1', 'cannelle': '', 'noisettes': '', 'amandes': '', 'noix de coco': ''}",https://www.marmiton.org/recettes/recette_pain-d-epices-facile_15915.aspx
231,dessert,Tarte frangipane aux poires et au chocolat,4.8/5,518,facile,40 min,"{'sucre en poudre': '125', 'beurre tendre': '100', 'pâte feuilletée': '1', 'chocolat': '100', 'poire': '3', 'oeuf': '2', 'amandes en poudre': '100'}",https://www.marmiton.org/recettes/recette_tarte-frangipane-aux-poires-et-au-chocolat_15765.aspx
232,dessert,Pancakes : la vraie recette,4.8/5,447,très facile,41 min,"{'beurre': '50', 'levure chimique': '0.5', 'sucre': '1', 'sel': '1', 'farine': '250', 'sucre vanillé': '1', 'oeuf': '2', 'lait': '37.5'}",https://www.marmiton.org/recettes/recette_pancakes-la-vraie-recette_69412.aspx
233,dessert,Mousse au chocolat facile,4.6/5,1354,très facile,15 min,"{'chocolat noir': '100', 'oeuf': '3', 'sucre vanillé': '1'}",https://www.marmiton.org/recettes/recette_mousse-au-chocolat-facile_13585.aspx
234,dessert,Madeleines au miel,4.7/5,642,très facile,20 min,"{'sel': '1', 'levure': '0.5', 'farine': '150', 'miel': '1', 'sucre en poudre': '130', 'beurre': '125', 'oeuf': '3', 'citron': '1'}",https://www.marmiton.org/recettes/recette_madeleines-au-miel_19756.aspx
235,dessert,Petits biscuits de Noël,4.7/5,696,très facile,23 min,"{'levure': '1', 'sucre': '125', 'beurre tendre': '100', 'farine': '250', 'amandes': '50', 'oeuf': '1', 'muscade': '', 'gingembre': '', 'cannelle': '', 'girofle': '', 'citron': '', ""jaune d'oeuf"": '1'}",https://www.marmiton.org/recettes/recette_petits-biscuits-de-noel_19726.aspx
236,dessert,Pâte à crêpes simple,4.6/5,1197,très facile,45 min,"{'bière': '0.5', 'huile': '3', 'lait demi-écrémé': '1', 'farine': '500', 'oeuf': '5'}",https://www.marmiton.org/recettes/recette_pate-a-crepes-simple_27121.aspx
237,dessert,Baba au rhum express,4.8/5,441,très facile,45 min,"{'rhum': '10', 'levure chimique': '1', 'sucre en poudre': '150', 'beurre': '50', 'farine': '120', 'lait': '3', 'oeuf': '3', 'eau': '0.25', 'sirop de sucre de canne': '0.25'}",https://www.marmiton.org/recettes/recette_baba-au-rhum-express_13608.aspx
238,dessert,Tiramisu aux framboises : la recette inratable,4.8/5,395,très facile,25 min,"{'biscuits à la cuillère': '24', 'sucre roux': '100', 'oeuf': '3', 'sucre vanillé': '1', 'mascarpone': '250', 'lait': '', 'framboises': '500'}",https://www.marmiton.org/recettes/recette_tiramisu-aux-framboises_28919.aspx
239,dessert,Fondant au chocolat plus que fondant,4.7/5,831,très facile,35 min,"{'maïzena': '100', 'sucre': '200', 'beurre': '200', 'chocolat pâtissier': '200', 'oeuf': '4'}",https://www.marmiton.org/recettes/recette_fondant-au-chocolat-plus-que-fondant_55396.aspx
240,dessert,Gâteau d'anniversaire,4.8/5,477,facile,1h20,"{'huile': '1', 'levure chimique': '1', 'sucre': '300', 'farine': '300', 'oeuf': '4', 'sucre vanillé': '1', 'lait': '1'}",https://www.marmiton.org/recettes/recette_gateau-d-anniversaire_16870.aspx
241,dessert,Tarte aux pommes,4.8/5,502,facile,55 min,"{'beurre': '30', 'pâte brisée': '1', 'pomme': '6', 'sucre vanillé': '1'}",https://www.marmiton.org/recettes/recette_tarte-aux-pommes_18588.aspx
242,dessert,Muffins à la banane,4.7/5,591,très facile,30 min,"{'beurre': '70', 'farine': '150', 'sel': '0.5', 'levure': '1', 'bicarbonate': '1', 'sucre': '75', 'banane': '3', 'oeuf': '1'}",https://www.marmiton.org/recettes/recette_muffins-a-la-banane_14745.aspx
243,dessert,Gâteau Banane de Stéph,4.8/5,460,très facile,45 min,"{'vanille': '', 'rhum': '', 'banane': '4', 'beurre': '125', 'levure': '0.5', 'sucre': '100', 'farine': '150', 'oeuf': '3'}",https://www.marmiton.org/recettes/recette_gateau-banane-de-steph_31190.aspx
244,dessert,Fondant au chocolat,4.6/5,1404,très facile,35 min,"{'farine': '4', 'sucre semoule': '100', 'beurre doux': '100', 'chocolat pâtissier': '200', 'oeuf': '5'}",https://www.marmiton.org/recettes/recette_fondant-au-chocolat_15025.aspx
245,dessert,"Crème anglaise réussie, onctueuse à souhait",4.8/5,505,facile,25 min,"{'maïzena': '1', 'vanille': '1', 'lait demi-écrémé': '50', 'sucre': '50', ""jaune d'oeuf"": '4'}",https://www.marmiton.org/recettes/recette_creme-anglaise-reussie-onctueuse-a-souhait_37391.aspx
246,dessert,Brownie vite fait,4.7/5,717,très facile,35 min,"{'farine': '50', 'beurre': '100', 'chocolat pâtissier': '100', 'sucre en poudre': '100', 'oeuf': '2'}",https://www.marmiton.org/recettes/recette_brownie-vite-fait_12890.aspx
247,dessert,Le trianon ou royal de Nadine,4.9/5,348,moyenne,2h15,"{'levure chimique': '0.5', 'beurre': '30', 'farine': '2', 'sucre en poudre': '60', 'oeuf': '2', 'poudre de noisette': '40', 'pralin': '40', 'pralinoise': '200', 'crêpe dentelle': '', 'chocolat noir': '300', 'crème': '500', 'Alcool': '3'}",https://www.marmiton.org/recettes/recette_le-trianon-ou-royal-de-nadine_63868.aspx
248,dessert,'The' tarte aux fraises,4.7/5,691,très facile,35 min,"{'sel': '1', 'sucre': '40', 'beurre': '125', 'farine': '30', ""jaune d'oeuf"": '2', 'eau': '5', 'fraises': '500', 'lait': '25', 'oeuf': '1', 'sucre vanillé': '1'}",https://www.marmiton.org/recettes/recette_the-tarte-aux-fraises_22726.aspx
249,dessert,Cake à la banane / banana bread (USA),4.7/5,553,facile,1h30,"{'beurre': '85', 'banane': '2', 'sel': '1', 'bicarbonate': '0.5', 'levure chimique': '2', 'sucre': '160', 'farine': '250', 'lait': '2', 'oeuf': '2'}",https://www.marmiton.org/recettes/recette_cake-a-la-banane-banana-bread-usa_12042.aspx
250,dessert,Mousse au citron et au Mascarpone (très facile),4.8/5,447,très facile,5 min,"{'crème fraîche': '2', 'sucre': '100', 'mascarpone': '250', 'jus de citron': '100'}",https://www.marmiton.org/recettes/recette_mousse-au-citron-et-au-mascarpone-tres-facile_23974.aspx
251,dessert,Brownies aux noix,4.7/5,701,facile,40 min,"{'sucre glace': '1', 'farine': '2', 'sucre en poudre': '200', 'beurre': '125', 'chocolat': '200', 'cerneau de noix': '1', 'oeuf': '4'}",https://www.marmiton.org/recettes/recette_brownies-aux-noix_11807.aspx
252,dessert,Muffins poires pépites de chocolat de Nadine,4.7/5,497,très facile,25 min,"{'sel': '1', 'levure chimique': '0.5', 'chocolat': '100', 'farine': '250', 'miel liquide': '1', 'extrait de vanille': '', 'beurre': '100', 'sucre': '200', 'oeuf': '2', 'poire': '3', 'amandes effilées': ''}",https://www.marmiton.org/recettes/recette_muffins-poires-pepites-de-chocolat-de-nadine_24727.aspx
253,dessert,Ramequins au chocolat aux coeurs fondants,4.8/5,441,très facile,30 min,"{'sucre': '80', 'farine': '20', 'beurre': '60', 'chocolat': '8', 'chocolat pâtissier': '100', 'oeuf': '3'}",https://www.marmiton.org/recettes/recette_ramequins-au-chocolat-aux-coeurs-fondants_14734.aspx
254,dessert,Véritable moelleux au chocolat,4.5/5,1907,très facile,40 min,"{'levure': '0.5', 'chocolat noir': '200', 'sucre semoule': '250', 'beurre doux': '125', 'farine': '125', 'oeuf': '4'}",https://www.marmiton.org/recettes/recette_veritable-moelleux-au-chocolat_12825.aspx
255,dessert,Brownies,4.6/5,1187,facile,25 min,"{'sel': '', 'farine': '60', 'sucre': '150', 'beurre': '150', 'chocolat pâtissier': '250', 'sucre vanillé': '1', 'oeuf': '3'}",https://www.marmiton.org/recettes/recette_brownies_16951.aspx
256,dessert,Tarte pommes râpées citrons,4.7/5,594,très facile,55 min,"{'beurre': '80', 'sucre en poudre': '150', 'pâte brisée': '1', 'pomme': '3', 'oeuf': '2', 'citron': '2'}",https://www.marmiton.org/recettes/recette_tarte-pommes-rapees-citrons_18437.aspx
257,dessert,Cannelés (7ème rencontre Marmiton),4.9/5,327,très facile,1h10,"{'beurre': '25', 'sucre en poudre': '200', 'farine': '100', 'rhum': '3', 'vanille': '0.5', 'lait': '50', 'oeuf': '2', ""jaune d'oeuf"": '2'}",https://www.marmiton.org/recettes/recette_canneles-7eme-rencontre-marmiton_29816.aspx
258,dessert,Fondant à la crème de marrons et au chocolat,4.7/5,633,facile,35 min,"{'beurre': '100', 'chocolat noir': '100', 'crème de marrons': '500', 'oeuf': '3'}",https://www.marmiton.org/recettes/recette_fondant-a-la-creme-de-marrons-et-au-chocolat_17518.aspx
259,dessert,Flan pâtissier traditionnel,4.6/5,1243,très facile,1 h,"{'vanille': '1', 'maïzena': '90', 'sucre en poudre': '150', 'pâte brisée': '1', 'oeuf': '4', 'lait': '1'}",https://www.marmiton.org/recettes/recette_flan-patissier-traditionnel_15330.aspx
260,dessert,Pain perdu,4.8/5,360,moyenne,30 min,"{'sucre de canne': '75', 'lait': '25', 'oeuf': '3', 'pain': '6'}",https://www.marmiton.org/recettes/recette_pain-perdu_10975.aspx
261,dessert,Cookies maison,4.6/5,1196,facile,25 min,"{'levure chimique': '1', 'sel': '1', 'chocolat noir': '100', 'farine': '150', 'vanille': '', 'sucre': '85', 'beurre tendre': '85', 'oeuf': '1'}",https://www.marmiton.org/recettes/recette_cookies-maison_86989.aspx
262,dessert,Moelleux au chocolat,4.8/5,389,très facile,25 min,"{'farine': '75', 'sucre glace': '125', 'beurre': '175', 'chocolat': '250', 'oeuf': '5'}",https://www.marmiton.org/recettes/recette_moelleux-au-chocolat_17982.aspx
263,dessert,Galette des rois facile,4.9/5,288,très facile,45 min,"{'rhum': '1', 'maïzena': '10', 'vanille': '', 'sucre en poudre': '100', 'beurre': '50', 'pâte feuilletée': '2', 'amandes': '125', 'oeuf': '2', ""jaune d'oeuf"": '1', ""liqueur d'amande"": '', 'lait': '10'}",https://www.marmiton.org/recettes/recette_galette-des-rois-facile_19012.aspx
264,dessert,Petits gâteaux tout chocolat,4.8/5,355,très facile,25 min,"{'sucre': '100', 'farine': '100', 'beurre': '100', 'oeuf': '3', 'crème dessert au chocolat': '200'}",https://www.marmiton.org/recettes/recette_petits-gateaux-tout-chocolat_36095.aspx
265,dessert,Charlotte facile poire chocolat,4.7/5,450,très facile,1 h,"{'sel': '1', 'chocolat pâtissier': '200', 'oeuf': '6', 'boudoir': '30', 'poire': '1'}",https://www.marmiton.org/recettes/recette_charlotte-facile-poire-chocolat_23197.aspx
266,dessert,Vosgienne ou forêt noire aux framboises,4.8/5,305,moyenne,2h10,"{'farine': '200', 'sucre': '4', 'oeuf': '8', 'cacao': '40', 'chocolat noir': '100', 'crème fleurette': '1', 'fixe chantilly': '4', 'sucre vanillé': '4', 'framboises': '500', 'schnaps': '1'}",https://www.marmiton.org/recettes/recette_vosgienne-ou-foret-noire-aux-framboises_44230.aspx
267,dessert,Cake au citron,4.7/5,484,facile,45 min,"{'beurre': '100', 'levure chimique': '0.5', 'sucre': '20', 'farine': '200', 'oeuf': '4', 'citron': ''}",https://www.marmiton.org/recettes/recette_cake-au-citron_11391.aspx
268,dessert,Tarte amandine aux poires,4.7/5,408,très facile,55 min,"{'farine': '25', 'sucre': '100', 'beurre': '100', 'pâte brisée': '1', 'poire': '1', 'oeuf': '2', 'amandes': '100', 'alcool de poire': '10'}",https://www.marmiton.org/recettes/recette_tarte-amandine-aux-poires_14195.aspx
269,dessert,Tarte à la rhubarbe rapide,4.8/5,355,facile,50 min,"{'sel': '1', 'beurre': '100', 'farine': '200', ""jaune d'oeuf"": '1', 'eau': '5', 'crème fraîche': '125', 'sucre en poudre': '150', 'rhubarbe': '800', 'oeuf': '2'}",https://www.marmiton.org/recettes/recette_tarte-a-la-rhubarbe-rapide_22715.aspx
270,dessert,Gâteau aux pommes moelleux et ultra rapide,4.7/5,423,très facile,55 min,"{'beurre': '3', 'rhum': '2', 'huile': '3', 'sucre': '125', 'levure': '1', 'farine': '125', 'pomme': '3', 'oeuf': '3'}",https://www.marmiton.org/recettes/recette_gateau-aux-pommes-moelleux-et-ultra-rapide_17683.aspx
271,dessert,Cookies faciles,4.6/5,605,très facile,25 min,"{'farine': '150', 'levure chimique': '0.5', 'chocolat': '100', 'beurre': '100', 'sucre semoule': '100', 'sucre vanillé': '1', 'oeuf': '1'}",https://www.marmiton.org/recettes/recette_cookies-faciles_86943.aspx
272,dessert,Cheesecake inratable,4.6/5,1027,très facile,1h25,"{'muscade': '0.5', 'beurre doux': '125', 'biscuit': '250', 'extrait de vanille': '', 'crème fraîche': '25', 'farine': '2', 'sucre semoule': '150', 'fromage blanc': '500', 'oeuf': '3'}",https://www.marmiton.org/recettes/recette_cheese-cake-gateau-au-fromage-blanc-inratable_20518.aspx
273,dessert,"Gâteau pommes, noix et cannelle",4.7/5,528,très facile,1h25,"{'levure chimique': '2', 'farine': '250', 'sucre': '200', 'huile': '180', 'cerneau de noix': '75', 'oeuf': '2', 'cannelle': '1', 'sucre vanillé': '7.5', 'pomme': '4'}",https://www.marmiton.org/recettes/recette_gateau-pommes-noix-et-cannelle_16982.aspx
274,dessert,Bavarois aux fraises sur génoise,4.8/5,294,facile,9h10,"{'farine': '125', 'sucre': '220', ""jaune d'oeuf"": '4', ""blanc d'oeuf"": '4', 'gélatine': '3', 'fraises': '500', 'citron': '1', 'crème liquide': '40', 'coulis de fruits rouges': '1'}",https://www.marmiton.org/recettes/recette_bavarois-aux-fraises-sur-genoise_58126.aspx
275,dessert,Amour de crumble aux pommes,4.8/5,295,très facile,45 min,"{'orange': '', 'sel': '1', 'beurre': '60', 'farine': '150', 'pomme': '6', 'cassonade': '150', 'sucre vanillé': '1', 'cannelle': '1'}",https://www.marmiton.org/recettes/recette_amour-de-crumble-aux-pommes_29119.aspx
276,dessert,Charlotte aux fruits d'été,4.9/5,240,très facile,15 min,"{'sucre glace': '100', 'fromage blanc': '400', 'biscuits à la cuillère': '200', ""jus d'orange"": '30', 'mascarpone': '200', 'framboises': '150', 'pêche': '2'}",https://www.marmiton.org/recettes/recette_charlotte-aux-fruits-d-ete_20546.aspx
277,dessert,Madeleines au citron,4.7/5,404,facile,27 min,"{'levure': '3', 'farine': '110', 'sucre': '100', 'oeuf': '3', 'citron': '1', 'beurre salé': '90'}",https://www.marmiton.org/recettes/recette_madeleines-au-citron_44512.aspx
278,dessert,Langues de chat,4.8/5,333,très facile,23 min,"{'vanille': '2', 'farine': '60', 'sucre en poudre': '60', 'beurre': '60', ""blanc d'oeuf"": '2'}",https://www.marmiton.org/recettes/recette_langues-de-chat_14760.aspx
279,dessert,Cookies pépites aux flocons d'avoine,4.8/5,307,difficile,20 min,"{'margarine': '75', 'beurre tendre': '75', 'sucre roux': '150', 'chocolat': '120', 'levure': '1', 'farine': '240', ""flocons d'avoine"": '120', 'oeuf': '2', 'sucre vanillé': '1'}",https://www.marmiton.org/recettes/recette_cookies-pepites-aux-flocons-d-avoine_22230.aspx
280,dessert,Amour de petit train d'anniversaire,4.9/5,223,facile,35 min,"{'beurre': '20', 'chocolat pâtissier': '80', 'sucre glace': '125', 'lait': '3', 'biscuit': '1', 'palets bretons': '12', 'cigarette russe': '1', 'petit beurre': '2', ""Paille d'Or"": '1', 'dragibus (bonbons)': '1', 'gâteaux': '2'}",https://www.marmiton.org/recettes/recette_amour-de-petit-train-d-anniversaire_30359.aspx
281,dessert,Muffins de Sandrine,4.9/5,248,facile,40 min,"{'sel': '', 'chocolat': '', 'levure chimique': '1', 'miel liquide': '3', 'farine de blé': '360', 'sucre': '180', 'beurre': '180', 'sucre vanillé': '3', 'oeuf': '3', 'lait': '240'}",https://www.marmiton.org/recettes/recette_muffins-de-sandrine_57367.aspx
282,dessert,Charlotte aux fraises,4.8/5,327,difficile,1 h,"{'biscuits à la cuillère': '26', 'fraises': '500', 'gélatine': '6', 'sucre en poudre': '140', 'Alcool': '1', 'citron': '1', 'crème liquide': '40', 'sucre vanillé': '1', 'glaçons': ''}",https://www.marmiton.org/recettes/recette_the-charlotte-aux-fraises_31214.aspx
283,dessert,Pâte sablée,4.7/5,463,facile,30 min,"{'sel': '1', 'beurre': '100', 'sucre semoule': '125', 'farine': '250', 'oeuf': '1', 'citron': '1'}",https://www.marmiton.org/recettes/recette_pate-sablee_14540.aspx
284,dessert,Gâteau chocolat ultra rapide (micro-ondes),4.6/5,702,très facile,15 min,"{'beurre': '100', 'crème fraîche': '2', 'farine': '50', 'sucre': '100', 'levure chimique': '0.25', 'chocolat': '60', 'oeuf': '3', 'sucre glace': '1', 'eau': '2'}",https://www.marmiton.org/recettes/recette_gateau-chocolat-ultra-rapide-micro-ondes_20722.aspx
285,dessert,Gaufres à la crème fraîche,4.7/5,379,facile,40 min,"{'sel': '1', 'crème fraîche': '25', 'beurre': '150', 'sucre semoule': '50', 'farine': '500', 'sucre vanillé': '2', 'oeuf': '4', 'eau': '50'}",https://www.marmiton.org/recettes/recette_gaufres-a-la-creme-fraiche_44295.aspx
286,dessert,"Tarte au fromage blanc (en alsacien, Käsküeche)",4.8/5,269,facile,1h25,"{'sel': '', 'sucre': '135', 'beurre': '125', 'farine': '250', 'sucre vanillé': '1', 'lait': '5', 'maïzena': '40', 'crème fraîche': '10', 'fromage blanc': '500', 'oeuf': '3'}",https://www.marmiton.org/recettes/recette_tarte-au-fromage-blanc-en-alsacien-kaskueche_22130.aspx
287,dessert,Truffe géante de la mère Anne,4.7/5,407,très facile,22 min,"{'farine': '40', 'chocolat noir': '200', 'sucre en poudre': '125', 'beurre': '125', 'oeuf': '3'}",https://www.marmiton.org/recettes/recette_truffe-geante-de-la-mere-anne_27502.aspx
288,dessert,Clafoutis aux cerises express,4.7/5,393,très facile,55 min,"{'extrait de vanille': '1', 'sel': '1', 'beurre': '60', 'sucre roux': '5', 'farine': '5', 'cerises': '700', 'oeuf': '2', 'lait': '0.25', 'sucre vanillé': '1'}",https://www.marmiton.org/recettes/recette_clafoutis-aux-cerises-express_17365.aspx
289,dessert,Tarte à la rhubarbe meringuée alsacienne,4.8/5,235,moyenne,50 min,"{'maïzena': '1', 'sucre': '50', 'pâte brisée': '350', 'rhubarbe': '1', 'oeuf': '1', 'crème': '20', 'sucre vanillé': '1', 'levure': '', ""blanc d'oeuf"": '2'}",https://www.marmiton.org/recettes/recette_tarte-a-la-rhubarbe-meringuee-alsacienne_37405.aspx
290,dessert,Gateau moelleux marbré vanille chocolat,4.7/5,405,très facile,50 min,"{'beurre': '40', 'chocolat noir': '100', 'sel': '1', 'levure chimique': '1', 'crème fraîche': '200', 'sucre en poudre': '150', 'farine': '200', 'oeuf': '3', 'sucre vanillé': '1'}",https://www.marmiton.org/recettes/recette_gateau-moelleux-marbre-vanille-chocolat_55247.aspx
291,dessert,Tarte tatin,4.6/5,560,facile,1h10,"{'sucre en poudre': '100', 'beurre': '100', 'pâte feuilletée': '1', 'pomme': '8', 'sucre vanillé': '2', 'cannelle': ''}",https://www.marmiton.org/recettes/recette_tarte-tatin_12456.aspx
292,dessert,Mug cake fondant au chocolat,4.6/5,587,très facile,3 min,"{'farine': '20', 'sucre': '30', 'beurre': '40', 'chocolat noir': '40', 'oeuf': '1'}",https://www.marmiton.org/recettes/recette_mug-cake-fonfant-au-chocolat_329684.aspx
293,dessert,Nougat glacé,4.9/5,203,très facile,35 min,"{""miel d'acacia"": '100', 'sucre': '120', 'oeuf': '3', 'crème fleurette': '40', 'amandes': '150', 'pistaches': '75'}",https://www.marmiton.org/recettes/recette_nougat-glace_19871.aspx
294,dessert,Muffins à la framboise de Jeanne,4.7/5,306,très facile,30 min,"{'beurre': '100', 'sucre': '150', 'oeuf': '2', 'cassonade': '50', 'Confiture de framboise': '2', 'framboises': '200', 'levure chimique': '1', 'sel': '1', 'farine': '250'}",https://www.marmiton.org/recettes/recette_muffins-a-la-framboise-de-jeanne_37909.aspx
295,dessert,Rochers légers à la noix de coco,4.8/5,274,très facile,30 min,"{'sucre semoule': '50', ""blanc d'oeuf"": '1', 'noix de coco': '50'}",https://www.marmiton.org/recettes/recette_rochers-legers-a-la-noix-de-coco_17691.aspx
296,dessert,Tiramisu (Italie),4.8/5,243,facile,40 min,"{'biscuit': '200', 'sucre en poudre': '100', 'mascarpone': '500', 'oeuf': '5', 'café': '30', 'cacao': '30'}",https://www.marmiton.org/recettes/recette_tiramisu-italie_16201.aspx
297,dessert,Génoise légère de ma grand-mère,4.8/5,232,très facile,50 min,"{'sel': '1', 'levure': '0.5', 'maïzena': '70', 'farine': '30', 'sucre': '125', 'oeuf': '5', 'sucre vanillé': '1'}",https://www.marmiton.org/recettes/recette_genoise-legere-de-ma-grand-mere_40824.aspx
298,dessert,Sablés à la vanille,4.7/5,310,très facile,30 min,"{'farine de blé': '250', 'beurre tendre': '125', 'sucre fin': '50', 'oeuf': '1', 'sucre vanillé': '4'}",https://www.marmiton.org/recettes/recette_sables-a-la-vanille_33599.aspx
299,dessert,Gâteau au yaourt simple,4.7/5,330,très facile,55 min,"{'levure chimique': '1', 'farine': '200', 'huile de tournesol': '10', 'sucre': '150', 'oeuf': '3', 'yaourt nature': '1'}",https://www.marmiton.org/recettes/recette_gateau-au-yaourt-simple_26217.aspx
